Date,Fiscal_Meter_BOPD
2014-01-01,5238.25
2014-01-02,5134.84
2014-01-03,4902.43
2014-01-04,5184.88
2014-01-05,4997.79
2014-01-06,5208.42
2014-01-07,5534.94
2014-01-08,4931.39
2014-01-09,5129.33
2014-01-10,5402.2
2014-01-11,5426.46
2014-01-12,5322.96
2014-01-13,5409.12
2014-01-14,4872.03
2014-01-15,5060.96
2014-01-16,5292.26
2014-01-17,5325.3
2014-01-18,5321.48
2014-01-19,5219.03
2014-01-20,5173.66
2014-01-21,5666.66
2014-01-22,4898.31
2014-01-23,5299.24
2014-01-24,4960.88
2014-01-25,5239.69
2014-01-26,5370.09
2014-01-27,5421.96
2014-01-28,5230.43
2014-01-29,5334.0
2014-01-30,5363.63
2014-01-31,5173.31
2014-02-01,4997.07
2014-02-02,5547.79
2014-02-03,5214.64
2014-02-04,5114.98
2014-02-05,5512.37
2014-02-06,5370.59
2014-02-07,5398.3
2014-02-08,5035.44
2014-02-09,5039.0
2014-02-10,5497.76
2014-02-11,5443.09
2014-02-12,5765.27
2014-02-13,5400.77
2014-02-14,5369.17
2014-02-15,5853.7
2014-02-16,4942.06
2014-02-17,5701.29
2014-02-18,5182.42
2014-02-19,5314.55
2014-02-20,5382.5
2014-02-21,5085.78
2014-02-22,5568.22
2014-02-23,5483.24
2014-02-24,5023.47
2014-02-25,5264.31
2014-02-26,4891.93
2014-02-27,5301.5
2014-02-28,5290.8
2014-03-01,5430.76
2014-03-02,5406.99
2014-03-03,5103.89
2014-03-04,5385.41
2014-03-05,5526.97
2014-03-06,5170.05
2014-03-07,5122.05
2014-03-08,5331.29
2014-03-09,5409.4
2014-03-10,4992.38
2014-03-11,5386.23
2014-03-12,5847.47
2014-03-13,5309.72
2014-03-14,5283.43
2014-03-15,5591.27
2014-03-16,5305.55
2014-03-17,5130.88
2014-03-18,5499.79
2014-03-19,5354.05
2014-03-20,4953.89
2014-03-21,5201.01
2014-03-22,5129.61
2014-03-23,4911.32
2014-03-24,5151.78
2014-03-25,5196.95
2014-03-26,5846.02
2014-03-27,5445.31
2014-03-28,5342.46
2014-03-29,5213.69
2014-03-30,5288.41
2014-03-31,5169.33
2014-04-01,5170.19
2014-04-02,5419.27
2014-04-03,5451.89
2014-04-04,5225.51
2014-04-05,5608.1
2014-04-06,4901.96
2014-04-07,5263.61
2014-04-08,5669.28
2014-04-09,5204.9
2014-04-10,4510.57
2014-04-11,5087.75
2014-04-12,5030.41
2014-04-13,5427.87
2014-04-14,4823.95
2014-04-15,4936.24
2014-04-16,4958.64
2014-04-17,5113.79
2014-04-18,5112.02
2014-04-19,5020.71
2014-04-20,5253.95
2014-04-21,4868.95
2014-04-22,4912.52
2014-04-23,4971.72
2014-04-24,4794.65
2014-04-25,5267.9
2014-04-26,5104.79
2014-04-27,5423.59
2014-04-28,5060.88
2014-04-29,5347.3
2014-04-30,4747.29
2014-05-01,5170.85
2014-05-02,5115.46
2014-05-03,5082.72
2014-05-04,5035.84
2014-05-05,5127.94
2014-05-06,4953.15
2014-05-07,5135.56
2014-05-08,5168.71
2014-05-09,4650.89
2014-05-10,4861.77
2014-05-11,5268.22
2014-05-12,5032.5
2014-05-13,4850.99
2014-05-14,5196.38
2014-05-15,5401.35
2014-05-16,5353.63
2014-05-17,5066.38
2014-05-18,4796.58
2014-05-19,5204.95
2014-05-20,5104.98
2014-05-21,5175.32
2014-05-22,4587.19
2014-05-23,4930.95
2014-05-24,5274.71
2014-05-25,5148.58
2014-05-26,5247.52
2014-05-27,5005.46
2014-05-28,4814.76
2014-05-29,4900.64
2014-05-30,5247.67
2014-05-31,5346.28
2014-06-01,5264.47
2014-06-02,5143.87
2014-06-03,5734.91
2014-06-04,5115.42
2014-06-05,5053.78
2014-06-06,4904.89
2014-06-07,5378.83
2014-06-08,5179.58
2014-06-09,4801.99
2014-06-10,5017.69
2014-06-11,5251.83
2014-06-12,5277.3
2014-06-13,4998.93
2014-06-14,5305.12
2014-06-15,4883.16
2014-06-16,5035.21
2014-06-17,5681.95
2014-06-18,5297.92
2014-06-19,5157.68
2014-06-20,5259.67
2014-06-21,4981.06
2014-06-22,4814.48
2014-06-23,5203.98
2014-06-24,4684.59
2014-06-25,4992.42
2014-06-26,4881.57
2014-06-27,5071.91
2014-06-28,5127.16
2014-06-29,4915.57
2014-06-30,4938.15
2014-07-01,4969.6
2014-07-02,5181.36
2014-07-03,4616.28
2014-07-04,5049.44
2014-07-05,5225.33
2014-07-06,4807.52
2014-07-07,4601.37
2014-07-08,5166.69
2014-07-09,5138.98
2014-07-10,4952.15
2014-07-11,4864.6
2014-07-12,4540.27
2014-07-13,4783.51
2014-07-14,4951.38
2014-07-15,4881.64
2014-07-16,5094.37
2014-07-17,4670.6
2014-07-18,5001.52
2014-07-19,4744.36
2014-07-20,4648.48
2014-07-21,4762.64
2014-07-22,4663.14
2014-07-23,5088.45
2014-07-24,4825.46
2014-07-25,5020.96
2014-07-26,4962.79
2014-07-27,4818.09
2014-07-28,4869.68
2014-07-29,5161.43
2014-07-30,5218.77
2014-07-31,4557.63
2014-08-01,4765.46
2014-08-02,5114.1
2014-08-03,4942.97
2014-08-04,4610.68
2014-08-05,5349.22
2014-08-06,4937.05
2014-08-07,4729.05
2014-08-08,5368.17
2014-08-09,4926.58
2014-08-10,4958.69
2014-08-11,5047.34
2014-08-12,4921.37
2014-08-13,5060.95
2014-08-14,4779.31
2014-08-15,4669.6
2014-08-16,5300.0
2014-08-17,4915.75
2014-08-18,5086.11
2014-08-19,4912.96
2014-08-20,4993.0
2014-08-21,4533.16
2014-08-22,5058.16
2014-08-23,4979.78
2014-08-24,4994.99
2014-08-25,4717.39
2014-08-26,4924.44
2014-08-27,5219.09
2014-08-28,5204.43
2014-08-29,4856.1
2014-08-30,4651.26
2014-08-31,5293.13
2014-09-01,4805.72
2014-09-02,4820.6
2014-09-03,5162.25
2014-09-04,4731.33
2014-09-05,4894.12
2014-09-06,4941.96
2014-09-07,5294.32
2014-09-08,5522.51
2014-09-09,4600.65
2014-09-10,5103.52
2014-09-11,4865.01
2014-09-12,4921.94
2014-09-13,4793.32
2014-09-14,4687.95
2014-09-15,5224.31
2014-09-16,5210.95
2014-09-17,4789.64
2014-09-18,5064.76
2014-09-19,5398.09
2014-09-20,4791.21
2014-09-21,5080.07
2014-09-22,4715.48
2014-09-23,4550.13
2014-09-24,5076.44
2014-09-25,4640.58
2014-09-26,4813.43
2014-09-27,4744.53
2014-09-28,4955.76
2014-09-29,4936.23
2014-09-30,4593.57
2014-10-01,4778.71
2014-10-02,4755.43
2014-10-03,4795.65
2014-10-04,5056.97
2014-10-05,4892.51
2014-10-06,5019.65
2014-10-07,4988.39
2014-10-08,4999.17
2014-10-09,4743.65
2014-10-10,4775.23
2014-10-11,5290.41
2014-10-12,4905.52
2014-10-13,4627.61
2014-10-14,5193.97
2014-10-15,5007.18
2014-10-16,4796.71
2014-10-17,5217.14
2014-10-18,4941.21
2014-10-19,5319.74
2014-10-20,5225.43
2014-10-21,4938.37
2014-10-22,4914.21
2014-10-23,5070.48
2014-10-24,4711.83
2014-10-25,4390.97
2014-10-26,4683.44
2014-10-27,5176.95
2014-10-28,4874.78
2014-10-29,4244.65
2014-10-30,4601.75
2014-10-31,4953.94
2014-11-01,4710.97
2014-11-02,5012.05
2014-11-03,4629.96
2014-11-04,4800.97
2014-11-05,5016.64
2014-11-06,4689.98
2014-11-07,4971.31
2014-11-08,4764.24
2014-11-09,4817.16
2014-11-10,4484.13
2014-11-11,4713.01
2014-11-12,4554.51
2014-11-13,4695.55
2014-11-14,5040.45
2014-11-15,4488.12
2014-11-16,4962.28
2014-11-17,4833.17
2014-11-18,5152.53
2014-11-19,4772.07
2014-11-20,4924.58
2014-11-21,4418.67
2014-11-22,4912.72
2014-11-23,4460.35
2014-11-24,5173.66
2014-11-25,5008.19
2014-11-26,4563.94
2014-11-27,5033.04
2014-11-28,4992.09
2014-11-29,4835.8
2014-11-30,4916.9
2014-12-01,4975.96
2014-12-02,4988.83
2014-12-03,4709.71
2014-12-04,4865.96
2014-12-05,4964.77
2014-12-06,4955.5
2014-12-07,4968.55
2014-12-08,4982.45
2014-12-09,4912.4
2014-12-10,4520.34
2014-12-11,4779.94
2014-12-12,5023.76
2014-12-13,5051.45
2014-12-14,4928.43
2014-12-15,5044.97
2014-12-16,4900.13
2014-12-17,5188.49
2014-12-18,5008.35
2014-12-19,5161.03
2014-12-20,5064.91
2014-12-21,4827.65
2014-12-22,5066.11
2014-12-23,5298.92
2014-12-24,4907.07
2014-12-25,4844.7
2014-12-26,5115.18
2014-12-27,4994.79
2014-12-28,4659.15
2014-12-29,4820.13
2014-12-30,5066.35
2014-12-31,5327.66
2015-01-01,4613.75
2015-01-02,4691.76
2015-01-03,4778.32
2015-01-04,4961.83
2015-01-05,4844.11
2015-01-06,5106.34
2015-01-07,5325.43
2015-01-08,5044.22
2015-01-09,5253.97
2015-01-10,4720.09
2015-01-11,4912.99
2015-01-12,5164.93
2015-01-13,5142.96
2015-01-14,4533.48
2015-01-15,4895.17
2015-01-16,4788.84
2015-01-17,4790.56
2015-01-18,4740.9
2015-01-19,4932.07
2015-01-20,4981.2
2015-01-21,4953.62
2015-01-22,5029.04
2015-01-23,4770.76
2015-01-24,5028.32
2015-01-25,5181.54
2015-01-26,5055.73
2015-01-27,4717.81
2015-01-28,4982.27
2015-01-29,4815.26
2015-01-30,5022.59
2015-01-31,4919.19
2015-02-01,5122.42
2015-02-02,4676.84
2015-02-03,4819.8
2015-02-04,5084.92
2015-02-05,4593.11
2015-02-06,4763.74
2015-02-07,4609.65
2015-02-08,4828.96
2015-02-09,4771.86
2015-02-10,4882.05
2015-02-11,4984.9
2015-02-12,5010.62
2015-02-13,4711.71
2015-02-14,4781.3
2015-02-15,4857.95
2015-02-16,4578.72
2015-02-17,4838.47
2015-02-18,4825.95
2015-02-19,5017.12
2015-02-20,4610.84
2015-02-21,4930.57
2015-02-22,4906.05
2015-02-23,4654.18
2015-02-24,5052.52
2015-02-25,5016.04
2015-02-26,4370.74
2015-02-27,4944.75
2015-02-28,4632.65
2015-03-01,4788.73
2015-03-02,4901.87
2015-03-03,5160.65
2015-03-04,5024.96
2015-03-05,4861.1
2015-03-06,4939.95
2015-03-07,4879.19
2015-03-08,4876.76
2015-03-09,5041.51
2015-03-10,4812.74
2015-03-11,4832.2
2015-03-12,4826.67
2015-03-13,4793.61
2015-03-14,4773.08
2015-03-15,5063.01
2015-03-16,4779.33
2015-03-17,4472.81
2015-03-18,4887.04
2015-03-19,4698.82
2015-03-20,4994.41
2015-03-21,4675.66
2015-03-22,4997.63
2015-03-23,5138.11
2015-03-24,4858.18
2015-03-25,4960.64
2015-03-26,4793.1
2015-03-27,4892.07
2015-03-28,5148.47
2015-03-29,4618.88
2015-03-30,4814.75
2015-03-31,5059.91
2015-04-01,5065.42
2015-04-02,4965.12
2015-04-03,4529.57
2015-04-04,4544.94
2015-04-05,4942.71
2015-04-06,4833.28
2015-04-07,5260.46
2015-04-08,4842.49
2015-04-09,4500.24
2015-04-10,4770.12
2015-04-11,4640.24
2015-04-12,4796.85
2015-04-13,4774.04
2015-04-14,4960.57
2015-04-15,4473.86
2015-04-16,4907.55
2015-04-17,4486.07
2015-04-18,4914.2
2015-04-19,4801.13
2015-04-20,4642.42
2015-04-21,5072.86
2015-04-22,4603.02
2015-04-23,4708.73
2015-04-24,4787.17
2015-04-25,4831.24
2015-04-26,4920.46
2015-04-27,4734.07
2015-04-28,4634.04
2015-04-29,5035.97
2015-04-30,4787.95
2015-05-01,4434.46
2015-05-02,4647.13
2015-05-03,4648.51
2015-05-04,4451.63
2015-05-05,4652.49
2015-05-06,4954.09
2015-05-07,4981.99
2015-05-08,4865.14
2015-05-09,4567.74
2015-05-10,4742.83
2015-05-11,4834.5
2015-05-12,4344.55
2015-05-13,4522.74
2015-05-14,4447.25
2015-05-15,4767.37
2015-05-16,4544.26
2015-05-17,4656.07
2015-05-18,4625.02
2015-05-19,4553.94
2015-05-20,4592.09
2015-05-21,4449.8
2015-05-22,5056.77
2015-05-23,4476.65
2015-05-24,4668.51
2015-05-25,4421.12
2015-05-26,4510.89
2015-05-27,4954.7
2015-05-28,4842.5
2015-05-29,4619.72
2015-05-30,4430.6
2015-05-31,4554.23
2015-06-01,4985.96
2015-06-02,4461.23
2015-06-03,4642.09
2015-06-04,5051.03
2015-06-05,4832.02
2015-06-06,4648.77
2015-06-07,4923.95
2015-06-08,4651.42
2015-06-09,4836.99
2015-06-10,4638.29
2015-06-11,4913.32
2015-06-12,4876.34
2015-06-13,4477.98
2015-06-14,4746.36
2015-06-15,4770.6
2015-06-16,4982.49
2015-06-17,5101.74
2015-06-18,4661.35
2015-06-19,4562.33
2015-06-20,4832.07
2015-06-21,4604.61
2015-06-22,4771.74
2015-06-23,4588.51
2015-06-24,4934.07
2015-06-25,4603.57
2015-06-26,5109.12
2015-06-27,4705.47
2015-06-28,4535.04
2015-06-29,4400.42
2015-06-30,4525.26
2015-07-01,4807.02
2015-07-02,4711.64
2015-07-03,4651.49
2015-07-04,5124.04
2015-07-05,4569.8
2015-07-06,4732.87
2015-07-07,4786.99
2015-07-08,4919.38
2015-07-09,4783.39
2015-07-10,4564.15
2015-07-11,4561.1
2015-07-12,4732.64
2015-07-13,4706.6
2015-07-14,4478.67
2015-07-15,4614.47
2015-07-16,4529.1
2015-07-17,4650.68
2015-07-18,4595.79
2015-07-19,4774.01
2015-07-20,4560.24
2015-07-21,4752.22
2015-07-22,4702.81
2015-07-23,4556.47
2015-07-24,4382.29
2015-07-25,4443.94
2015-07-26,4189.27
2015-07-27,4498.77
2015-07-28,4889.81
2015-07-29,4399.91
2015-07-30,4839.53
2015-07-31,4538.42
2015-08-01,4708.56
2015-08-02,4996.59
2015-08-03,4646.73
2015-08-04,4545.48
2015-08-05,4572.74
2015-08-06,4503.1
2015-08-07,4474.8
2015-08-08,4917.28
2015-08-09,4623.88
2015-08-10,4760.66
2015-08-11,4455.84
2015-08-12,4476.21
2015-08-13,4480.69
2015-08-14,4709.55
2015-08-15,4688.85
2015-08-16,4745.3
2015-08-17,4556.27
2015-08-18,4723.77
2015-08-19,4716.72
2015-08-20,4613.24
2015-08-21,4559.53
2015-08-22,4642.44
2015-08-23,4354.49
2015-08-24,4267.9
2015-08-25,4684.1
2015-08-26,4376.93
2015-08-27,4731.98
2015-08-28,4567.48
2015-08-29,4846.67
2015-08-30,4620.51
2015-08-31,4424.35
2015-09-01,4859.55
2015-09-02,4394.55
2015-09-03,4774.93
2015-09-04,4392.7
2015-09-05,4692.69
2015-09-06,4132.82
2015-09-07,4561.17
2015-09-08,4307.78
2015-09-09,4761.51
2015-09-10,4619.3
2015-09-11,4825.18
2015-09-12,4530.21
2015-09-13,4378.83
2015-09-14,4793.71
2015-09-15,4552.48
2015-09-16,4748.81
2015-09-17,4699.41
2015-09-18,4650.45
2015-09-19,4610.18
2015-09-20,4674.84
2015-09-21,4639.98
2015-09-22,4729.92
2015-09-23,4619.71
2015-09-24,4829.85
2015-09-25,4570.93
2015-09-26,4691.39
2015-09-27,4349.03
2015-09-28,4508.22
2015-09-29,4322.55
2015-09-30,4266.08
2015-10-01,4694.88
2015-10-02,4364.35
2015-10-03,4366.3
2015-10-04,4422.49
2015-10-05,4746.63
2015-10-06,4674.1
2015-10-07,4913.36
2015-10-08,4617.38
2015-10-09,4181.73
2015-10-10,4412.6
2015-10-11,4733.58
2015-10-12,4512.62
2015-10-13,4464.9
2015-10-14,4353.53
2015-10-15,4508.95
2015-10-16,4883.55
2015-10-17,4467.7
2015-10-18,4820.98
2015-10-19,4534.9
2015-10-20,4583.76
2015-10-21,4721.08
2015-10-22,4559.23
2015-10-23,4735.09
2015-10-24,4489.81
2015-10-25,4606.51
2015-10-26,4239.83
2015-10-27,4399.51
2015-10-28,4352.28
2015-10-29,4676.44
2015-10-30,4465.36
2015-10-31,4792.87
2015-11-01,4174.53
2015-11-02,4550.76
2015-11-03,4688.52
2015-11-04,4457.75
2015-11-05,4484.01
2015-11-06,4549.92
2015-11-07,4430.3
2015-11-08,4381.58
2015-11-09,4516.2
2015-11-10,4514.81
2015-11-11,4436.4
2015-11-12,4433.71
2015-11-13,4357.99
2015-11-14,4360.74
2015-11-15,4707.22
2015-11-16,4384.6
2015-11-17,4304.95
2015-11-18,4220.36
2015-11-19,4472.43
2015-11-20,4259.51
2015-11-21,4389.32
2015-11-22,4481.01
2015-11-23,4486.32
2015-11-24,4509.35
2015-11-25,4199.99
2015-11-26,4288.97
2015-11-27,4469.98
2015-11-28,4447.03
2015-11-29,4349.35
2015-11-30,4723.09
2015-12-01,4276.3
2015-12-02,4425.23
2015-12-03,4612.04
2015-12-04,4655.48
2015-12-05,4405.48
2015-12-06,4294.76
2015-12-07,4656.2
2015-12-08,4492.07
2015-12-09,4445.22
2015-12-10,4703.74
2015-12-11,4530.79
2015-12-12,4311.25
2015-12-13,4694.84
2015-12-14,4345.01
2015-12-15,4316.68
2015-12-16,4497.32
2015-12-17,4575.28
2015-12-18,4375.5
2015-12-19,4324.86
2015-12-20,4525.59
2015-12-21,4596.93
2015-12-22,4265.58
2015-12-23,4459.7
2015-12-24,4578.18
2015-12-25,4319.47
2015-12-26,4401.17
2015-12-27,4265.03
2015-12-28,4300.11
2015-12-29,4326.29
2015-12-30,4671.25
2015-12-31,4462.75
2016-01-01,4206.86
2016-01-02,4607.63
2016-01-03,4659.62
2016-01-04,4593.61
2016-01-05,4520.89
2016-01-06,4254.85
2016-01-07,4459.01
2016-01-08,4340.99
2016-01-09,4407.8
2016-01-10,4102.13
2016-01-11,4593.58
2016-01-12,4437.98
2016-01-13,4146.27
2016-01-14,4607.14
2016-01-15,4466.02
2016-01-16,4429.63
2016-01-17,4566.7
2016-01-18,4774.92
2016-01-19,4509.85
2016-01-20,4212.61
2016-01-21,4556.52
2016-01-22,4428.11
2016-01-23,4071.97
2016-01-24,4725.35
2016-01-25,4462.41
2016-01-26,4519.96
2016-01-27,4348.0
2016-01-28,4471.95
2016-01-29,4176.01
2016-01-30,4164.59
2016-01-31,4793.42
2016-02-01,4204.56
2016-02-02,4399.29
2016-02-03,4390.43
2016-02-04,4282.91
2016-02-05,4507.88
2016-02-06,4247.46
2016-02-07,4351.37
2016-02-08,4580.51
2016-02-09,4288.74
2016-02-10,4391.53
2016-02-11,4456.89
2016-02-12,4481.19
2016-02-13,4639.12
2016-02-14,4649.11
2016-02-15,4092.68
2016-02-16,4471.58
2016-02-17,4613.61
2016-02-18,4478.7
2016-02-19,4763.18
2016-02-20,4325.21
2016-02-21,4279.33
2016-02-22,4169.06
2016-02-23,4340.56
2016-02-24,4536.41
2016-02-25,4678.14
2016-02-26,4328.79
2016-02-27,4286.03
2016-02-28,4629.11
2016-02-29,4344.62
2016-03-01,4273.87
2016-03-02,4264.71
2016-03-03,4598.17
2016-03-04,4168.09
2016-03-05,4271.9
2016-03-06,4287.49
2016-03-07,4354.3
2016-03-08,4329.94
2016-03-09,4238.32
2016-03-10,4123.55
2016-03-11,4114.68
2016-03-12,4281.84
2016-03-13,4153.27
2016-03-14,4039.31
2016-03-15,4013.33
2016-03-16,4151.55
2016-03-17,3916.68
2016-03-18,4444.46
2016-03-19,4260.16
2016-03-20,4337.96
2016-03-21,4236.17
2016-03-22,4516.36
2016-03-23,4268.38
2016-03-24,4065.99
2016-03-25,4538.89
2016-03-26,4400.57
2016-03-27,4362.65
2016-03-28,4307.2
2016-03-29,4052.89
2016-03-30,4159.58
2016-03-31,4303.41
2016-04-01,4209.62
2016-04-02,4265.3
2016-04-03,4145.5
2016-04-04,4628.49
2016-04-05,4503.69
2016-04-06,3719.12
2016-04-07,4414.99
2016-04-08,4442.52
2016-04-09,4565.35
2016-04-10,4337.57
2016-04-11,4240.45
2016-04-12,4374.32
2016-04-13,4127.29
2016-04-14,4157.43
2016-04-15,4536.27
2016-04-16,4290.3
2016-04-17,4546.46
2016-04-18,4080.79
2016-04-19,3934.77
2016-04-20,4172.43
2016-04-21,4353.5
2016-04-22,3978.33
2016-04-23,4261.38
2016-04-24,4305.92
2016-04-25,4143.84
2016-04-26,4243.48
2016-04-27,4122.92
2016-04-28,4254.62
2016-04-29,4384.89
2016-04-30,3936.74
2016-05-01,4441.97
2016-05-02,4437.72
2016-05-03,4487.3
2016-05-04,4234.93
2016-05-05,4431.95
2016-05-06,4375.44
2016-05-07,4288.53
2016-05-08,4169.12
2016-05-09,4146.97
2016-05-10,4355.06
2016-05-11,4401.34
2016-05-12,4449.01
2016-05-13,4392.99
2016-05-14,4110.42
2016-05-15,4349.47
2016-05-16,3951.8
2016-05-17,4419.88
2016-05-18,4732.31
2016-05-19,4252.5
2016-05-20,4440.52
2016-05-21,4436.62
2016-05-22,4336.54
2016-05-23,4361.92
2016-05-24,4484.28
2016-05-25,4229.93
2016-05-26,4145.44
2016-05-27,4255.49
2016-05-28,4071.69
2016-05-29,4252.63
2016-05-30,4115.51
2016-05-31,4589.79
2016-06-01,4212.83
2016-06-02,4493.63
2016-06-03,4368.17
2016-06-04,4082.43
2016-06-05,4319.66
2016-06-06,4231.76
2016-06-07,4501.24
2016-06-08,4418.1
2016-06-09,4306.95
2016-06-10,4394.69
2016-06-11,4090.25
2016-06-12,4115.7
2016-06-13,4434.76
2016-06-14,4244.77
2016-06-15,4354.93
2016-06-16,4172.46
2016-06-17,4404.48
2016-06-18,4450.5
2016-06-19,4343.61
2016-06-20,4368.58
2016-06-21,4420.17
2016-06-22,4339.51
2016-06-23,4470.19
2016-06-24,4361.17
2016-06-25,4636.42
2016-06-26,4466.15
2016-06-27,4300.23
2016-06-28,4263.09
2016-06-29,4334.39
2016-06-30,4418.5
2016-07-01,4144.05
2016-07-02,4538.06
2016-07-03,4574.66
2016-07-04,4263.88
2016-07-05,4162.11
2016-07-06,4131.38
2016-07-07,4555.66
2016-07-08,4323.37
2016-07-09,4450.27
2016-07-10,4200.36
2016-07-11,4236.41
2016-07-12,4274.95
2016-07-13,4450.05
2016-07-14,4497.28
2016-07-15,4484.69
2016-07-16,4137.4
2016-07-17,4355.38
2016-07-18,4108.17
2016-07-19,4337.87
2016-07-20,4138.36
2016-07-21,4491.72
2016-07-22,3966.72
2016-07-23,4038.85
2016-07-24,4319.86
2016-07-25,4565.19
2016-07-26,3975.63
2016-07-27,3895.36
2016-07-28,4115.06
2016-07-29,4203.78
2016-07-30,4099.07
2016-07-31,4334.57
2016-08-01,4148.82
2016-08-02,4321.53
2016-08-03,4311.65
2016-08-04,4409.33
2016-08-05,4663.63
2016-08-06,3866.27
2016-08-07,4330.91
2016-08-08,4351.5
2016-08-09,4240.79
2016-08-10,4418.0
2016-08-11,4196.22
2016-08-12,4107.1
2016-08-13,4312.77
2016-08-14,4376.55
2016-08-15,3990.3
2016-08-16,4243.26
2016-08-17,4149.46
2016-08-18,4490.45
2016-08-19,4183.56
2016-08-20,4402.95
2016-08-21,3982.62
2016-08-22,4002.49
2016-08-23,4200.34
2016-08-24,4346.4
2016-08-25,4278.76
2016-08-26,4245.39
2016-08-27,4319.79
2016-08-28,4141.82
2016-08-29,4447.81
2016-08-30,4071.88
2016-08-31,3976.48
2016-09-01,3710.74
2016-09-02,4211.89
2016-09-03,4217.91
2016-09-04,4432.74
2016-09-05,4393.7
2016-09-06,4304.29
2016-09-07,4278.78
2016-09-08,3807.41
2016-09-09,4027.12
2016-09-10,3951.02
2016-09-11,4324.06
2016-09-12,3997.71
2016-09-13,3954.23
2016-09-14,4162.99
2016-09-15,4102.77
2016-09-16,4120.46
2016-09-17,4407.44
2016-09-18,4340.35
2016-09-19,4096.46
2016-09-20,4220.87
2016-09-21,4319.22
2016-09-22,4167.4
2016-09-23,4180.93
2016-09-24,4377.84
2016-09-25,4117.7
2016-09-26,4175.04
2016-09-27,4420.82
2016-09-28,3958.08
2016-09-29,4488.6
2016-09-30,4465.86
2016-10-01,4237.36
2016-10-02,4035.08
2016-10-03,4223.47
2016-10-04,4037.5
2016-10-05,4116.39
2016-10-06,4207.01
2016-10-07,4252.56
2016-10-08,4386.75
2016-10-09,4384.9
2016-10-10,3812.08
2016-10-11,4311.43
2016-10-12,4153.62
2016-10-13,4063.33
2016-10-14,4256.0
2016-10-15,4080.52
2016-10-16,4049.78
2016-10-17,4382.25
2016-10-18,3932.43
2016-10-19,4427.66
2016-10-20,3938.5
2016-10-21,4099.7
2016-10-22,3926.27
2016-10-23,4128.12
2016-10-24,4344.16
2016-10-25,3902.39
2016-10-26,4453.44
2016-10-27,3876.09
2016-10-28,4131.73
2016-10-29,4203.58
2016-10-30,4196.39
2016-10-31,4443.59
2016-11-01,4355.2
2016-11-02,3996.07
2016-11-03,4191.52
2016-11-04,4367.33
2016-11-05,4186.98
2016-11-06,4269.6
2016-11-07,4092.88
2016-11-08,4328.36
2016-11-09,4067.09
2016-11-10,4011.99
2016-11-11,4196.25
2016-11-12,4259.22
2016-11-13,4130.89
2016-11-14,4455.28
2016-11-15,4374.45
2016-11-16,4382.48
2016-11-17,4194.5
2016-11-18,4030.8
2016-11-19,4177.81
2016-11-20,4834.78
2016-11-21,4123.62
2016-11-22,4134.79
2016-11-23,4119.91
2016-11-24,4253.54
2016-11-25,4251.1
2016-11-26,4175.64
2016-11-27,4040.65
2016-11-28,3979.04
2016-11-29,4400.45
2016-11-30,4219.86
2016-12-01,4427.21
2016-12-02,4274.72
2016-12-03,4000.09
2016-12-04,4154.5
2016-12-05,3999.31
2016-12-06,4056.27
2016-12-07,3735.27
2016-12-08,4048.81
2016-12-09,3998.18
2016-12-10,3769.79
2016-12-11,3990.17
2016-12-12,4279.87
2016-12-13,3998.79
2016-12-14,4011.2
2016-12-15,4316.53
2016-12-16,3949.61
2016-12-17,4204.44
2016-12-18,4050.29
2016-12-19,4011.14
2016-12-20,4007.83
2016-12-21,3745.87
2016-12-22,4177.62
2016-12-23,4117.89
2016-12-24,4063.77
2016-12-25,4051.46
2016-12-26,4038.62
2016-12-27,4045.6
2016-12-28,4094.9
2016-12-29,3813.92
2016-12-30,4182.11
2016-12-31,4255.91
2017-01-01,4327.64
2017-01-02,3770.15
2017-01-03,3885.72
2017-01-04,4021.07
2017-01-05,3985.08
2017-01-06,3924.79
2017-01-07,4223.15
2017-01-08,4039.46
2017-01-09,4034.12
2017-01-10,4027.09
2017-01-11,4148.89
2017-01-12,4052.17
2017-01-13,4131.37
2017-01-14,3992.04
2017-01-15,4136.6
2017-01-16,3975.06
2017-01-17,3894.85
2017-01-18,3947.52
2017-01-19,4025.93
2017-01-20,4024.62
2017-01-21,3834.84
2017-01-22,4052.68
2017-01-23,4226.41
2017-01-24,4142.62
2017-01-25,4285.04
2017-01-26,4248.06
2017-01-27,3869.07
2017-01-28,3971.23
2017-01-29,4054.96
2017-01-30,4035.64
2017-01-31,4005.4
2017-02-01,3942.61
2017-02-02,3863.68
2017-02-03,4064.23
2017-02-04,4270.03
2017-02-05,4054.33
2017-02-06,4135.74
2017-02-07,3853.4
2017-02-08,3957.7
2017-02-09,4265.93
2017-02-10,4039.94
2017-02-11,3864.42
2017-02-12,4206.83
2017-02-13,4123.94
2017-02-14,4187.52
2017-02-15,3968.1
2017-02-16,4360.92
2017-02-17,3939.32
2017-02-18,3926.03
2017-02-19,3872.88
2017-02-20,3830.02
2017-02-21,4296.38
2017-02-22,3639.84
2017-02-23,3945.94
2017-02-24,3941.75
2017-02-25,4376.11
2017-02-26,3921.77
2017-02-27,3971.69
2017-02-28,3997.37
2017-03-01,3888.09
2017-03-02,4126.68
2017-03-03,4094.07
2017-03-04,4020.41
2017-03-05,3965.15
2017-03-06,4362.3
2017-03-07,4225.04
2017-03-08,4247.39
2017-03-09,3893.01
2017-03-10,3948.83
2017-03-11,4180.12
2017-03-12,4147.29
2017-03-13,3971.44
2017-03-14,4163.12
2017-03-15,3912.52
2017-03-16,4105.08
2017-03-17,4307.33
2017-03-18,4198.34
2017-03-19,4201.85
2017-03-20,4046.63
2017-03-21,4180.29
2017-03-22,4094.1
2017-03-23,4159.64
2017-03-24,4193.37
2017-03-25,4093.5
2017-03-26,4029.24
2017-03-27,3763.99
2017-03-28,4039.3
2017-03-29,4101.8
2017-03-30,3998.87
2017-03-31,4045.18
2017-04-01,4169.83
2017-04-02,4205.77
2017-04-03,3877.77
2017-04-04,4163.27
2017-04-05,4330.37
2017-04-06,4067.28
2017-04-07,4061.28
2017-04-08,3850.09
2017-04-09,4126.22
2017-04-10,4203.28
2017-04-11,3825.23
2017-04-12,4108.93
2017-04-13,4133.72
2017-04-14,3985.2
2017-04-15,4067.49
2017-04-16,3682.95
2017-04-17,4097.11
2017-04-18,4172.83
2017-04-19,3874.58
2017-04-20,3959.66
2017-04-21,3968.82
2017-04-22,4114.34
2017-04-23,4165.53
2017-04-24,3948.68
2017-04-25,4079.5
2017-04-26,3781.71
2017-04-27,3645.55
2017-04-28,3805.52
2017-04-29,4138.16
2017-04-30,3936.75
2017-05-01,4047.12
2017-05-02,3622.66
2017-05-03,3986.41
2017-05-04,3859.05
2017-05-05,4026.62
2017-05-06,3869.18
2017-05-07,3665.88
2017-05-08,4173.72
2017-05-09,3827.75
2017-05-10,3892.08
2017-05-11,3441.5
2017-05-12,3855.23
2017-05-13,3934.01
2017-05-14,4056.04
2017-05-15,3642.01
2017-05-16,3789.68
2017-05-17,3926.45
2017-05-18,3858.21
2017-05-19,3949.76
2017-05-20,3794.88
2017-05-21,3926.82
2017-05-22,3942.32
2017-05-23,3868.93
2017-05-24,3676.37
2017-05-25,3598.81
2017-05-26,4081.05
2017-05-27,3836.06
2017-05-28,4075.19
2017-05-29,3970.0
2017-05-30,3753.02
2017-05-31,3529.37
2017-06-01,3771.14
2017-06-02,3870.89
2017-06-03,3774.78
2017-06-04,3875.84
2017-06-05,3848.29
2017-06-06,3883.62
2017-06-07,3791.23
2017-06-08,3977.59
2017-06-09,4060.6
2017-06-10,3777.59
2017-06-11,3838.72
2017-06-12,3659.66
2017-06-13,3883.32
2017-06-14,3751.75
2017-06-15,4160.67
2017-06-16,3614.0
2017-06-17,4049.63
2017-06-18,4137.28
2017-06-19,4046.13
2017-06-20,4032.4
2017-06-21,3870.42
2017-06-22,3938.44
2017-06-23,3593.92
2017-06-24,3622.39
2017-06-25,4056.7
2017-06-26,3715.2
2017-06-27,3919.32
2017-06-28,3963.92
2017-06-29,4039.1
2017-06-30,4049.34
2017-07-01,3988.97
2017-07-02,4282.8
2017-07-03,4149.91
2017-07-04,3999.35
2017-07-05,4090.97
2017-07-06,3725.78
2017-07-07,3728.0
2017-07-08,4257.33
2017-07-09,3789.42
2017-07-10,3889.25
2017-07-11,4063.38
2017-07-12,3886.67
2017-07-13,4003.49
2017-07-14,4055.7
2017-07-15,3869.28
2017-07-16,4199.24
2017-07-17,3898.06
2017-07-18,3889.29
2017-07-19,3759.59
2017-07-20,4115.61
2017-07-21,3781.42
2017-07-22,4111.57
2017-07-23,4110.63
2017-07-24,4016.73
2017-07-25,3757.91
2017-07-26,3955.45
2017-07-27,3603.1
2017-07-28,3959.64
2017-07-29,3963.21
2017-07-30,3962.86
2017-07-31,3648.16
2017-08-01,3944.2
2017-08-02,3909.56
2017-08-03,4007.67
2017-08-04,4008.97
2017-08-05,4104.49
2017-08-06,4011.06
2017-08-07,3929.76
2017-08-08,4000.63
2017-08-09,4109.72
2017-08-10,4104.05
2017-08-11,4247.1
2017-08-12,4371.38
2017-08-13,4488.26
2017-08-14,4036.47
2017-08-15,3880.94
2017-08-16,3871.59
2017-08-17,3868.2
2017-08-18,3948.43
2017-08-19,4214.43
2017-08-20,4108.86
2017-08-21,3905.51
2017-08-22,4003.53
2017-08-23,4058.84
2017-08-24,4016.03
2017-08-25,3846.27
2017-08-26,4063.83
2017-08-27,4105.45
2017-08-28,3829.52
2017-08-29,4059.08
2017-08-30,4227.77
2017-08-31,4090.18
2017-09-01,3793.61
2017-09-02,4208.38
2017-09-03,4007.09
2017-09-04,3749.27
2017-09-05,4058.26
2017-09-06,3983.22
2017-09-07,4251.58
2017-09-08,3974.55
2017-09-09,3970.3
2017-09-10,3894.89
2017-09-11,4156.91
2017-09-12,4006.8
2017-09-13,3965.28
2017-09-14,3766.1
2017-09-15,4093.79
2017-09-16,3610.44
2017-09-17,3681.32
2017-09-18,3799.64
2017-09-19,3974.48
2017-09-20,3995.12
2017-09-21,3795.75
2017-09-22,3816.38
2017-09-23,3818.43
2017-09-24,3887.61
2017-09-25,3710.32
2017-09-26,4130.72
2017-09-27,4043.37
2017-09-28,3965.78
2017-09-29,3821.71
2017-09-30,3770.08
2017-10-01,4010.71
2017-10-02,3935.06
2017-10-03,3573.42
2017-10-04,3962.35
2017-10-05,3731.02
2017-10-06,3650.52
2017-10-07,4040.69
2017-10-08,3800.2
2017-10-09,3644.2
2017-10-10,3897.21
2017-10-11,3808.4
2017-10-12,3935.62
2017-10-13,3730.28
2017-10-14,3835.69
2017-10-15,3509.3
2017-10-16,3746.93
2017-10-17,3594.46
2017-10-18,3708.66
2017-10-19,3753.01
2017-10-20,3805.92
2017-10-21,3683.83
2017-10-22,3877.32
2017-10-23,3905.9
2017-10-24,3725.22
2017-10-25,3728.74
2017-10-26,3576.92
2017-10-27,3783.06
2017-10-28,3744.81
2017-10-29,3877.97
2017-10-30,3458.26
2017-10-31,3849.71
2017-11-01,3723.32
2017-11-02,3507.64
2017-11-03,3529.83
2017-11-04,3888.49
2017-11-05,3635.49
2017-11-06,3704.25
2017-11-07,3638.21
2017-11-08,3797.16
2017-11-09,3714.41
2017-11-10,3829.21
2017-11-11,3306.84
2017-11-12,3977.94
2017-11-13,3802.55
2017-11-14,3855.39
2017-11-15,3551.68
2017-11-16,3735.55
2017-11-17,3984.31
2017-11-18,3780.39
2017-11-19,3422.46
2017-11-20,3776.06
2017-11-21,4105.8
2017-11-22,3777.87
2017-11-23,3511.28
2017-11-24,3571.24
2017-11-25,3639.66
2017-11-26,3694.16
2017-11-27,4027.82
2017-11-28,3745.74
2017-11-29,3749.53
2017-11-30,3566.73
2017-12-01,3849.32
2017-12-02,3663.25
2017-12-03,3645.64
2017-12-04,3532.26
2017-12-05,3807.96
2017-12-06,3875.24
2017-12-07,3972.54
2017-12-08,3842.62
2017-12-09,3742.38
2017-12-10,3794.67
2017-12-11,3885.25
2017-12-12,3841.27
2017-12-13,3526.96
2017-12-14,3576.99
2017-12-15,4127.59
2017-12-16,3613.3
2017-12-17,3915.76
2017-12-18,3436.85
2017-12-19,3688.95
2017-12-20,4078.61
2017-12-21,3530.83
2017-12-22,3758.66
2017-12-23,3549.65
2017-12-24,3971.52
2017-12-25,3572.23
2017-12-26,3621.03
2017-12-27,3919.65
2017-12-28,3637.09
2017-12-29,3704.86
2017-12-30,3789.98
2017-12-31,3890.48
2018-01-01,3705.29
2018-01-02,4005.27
2018-01-03,3618.65
2018-01-04,3306.26
2018-01-05,3672.3
2018-01-06,3936.27
2018-01-07,3869.89
2018-01-08,3926.24
2018-01-09,3974.28
2018-01-10,3682.56
2018-01-11,4008.1
2018-01-12,3578.7
2018-01-13,3635.37
2018-01-14,3656.37
2018-01-15,3691.22
2018-01-16,3549.14
2018-01-17,4048.08
2018-01-18,3804.11
2018-01-19,3772.53
2018-01-20,3839.86
2018-01-21,3683.8
2018-01-22,3634.78
2018-01-23,3587.5
2018-01-24,3661.32
2018-01-25,3588.61
2018-01-26,3851.16
2018-01-27,3561.52
2018-01-28,3492.25
2018-01-29,3596.54
2018-01-30,3623.2
2018-01-31,3734.55
2018-02-01,3465.02
2018-02-02,3825.59
2018-02-03,3816.29
2018-02-04,3614.0
2018-02-05,3761.62
2018-02-06,3869.75
2018-02-07,3595.36
2018-02-08,3522.78
2018-02-09,3498.36
2018-02-10,3622.63
2018-02-11,3617.34
2018-02-12,3863.37
2018-02-13,3418.96
2018-02-14,3508.88
2018-02-15,3618.79
2018-02-16,3696.84
2018-02-17,3472.96
2018-02-18,3462.59
2018-02-19,3467.38
2018-02-20,3603.71
2018-02-21,3559.82
2018-02-22,3804.2
2018-02-23,3675.32
2018-02-24,3622.6
2018-02-25,3468.44
2018-02-26,3596.12
2018-02-27,3823.51
2018-02-28,3386.21
2018-03-01,3675.42
2018-03-02,3459.62
2018-03-03,3548.34
2018-03-04,3619.13
2018-03-05,3604.62
2018-03-06,3540.5
2018-03-07,3738.93
2018-03-08,3588.07
2018-03-09,3710.48
2018-03-10,3675.05
2018-03-11,3494.54
2018-03-12,4024.2
2018-03-13,3458.54
2018-03-14,3857.35
2018-03-15,3783.14
2018-03-16,4078.37
2018-03-17,3680.4
2018-03-18,3853.49
2018-03-19,3767.08
2018-03-20,3745.81
2018-03-21,3873.67
2018-03-22,3594.46
2018-03-23,3780.03
2018-03-24,3787.74
2018-03-25,3702.09
2018-03-26,3732.27
2018-03-27,3724.96
2018-03-28,3661.03
2018-03-29,3833.85
2018-03-30,3702.4
2018-03-31,3910.63
2018-04-01,3588.96
2018-04-02,3593.25
2018-04-03,3790.02
2018-04-04,3676.28
2018-04-05,3835.08
2018-04-06,3906.71
2018-04-07,3686.37
2018-04-08,3660.61
2018-04-09,3780.68
2018-04-10,3529.9
2018-04-11,3670.68
2018-04-12,3643.87
2018-04-13,3470.7
2018-04-14,3595.39
2018-04-15,3568.55
2018-04-16,3553.79
2018-04-17,3749.96
2018-04-18,3598.92
2018-04-19,3842.5
2018-04-20,3551.75
2018-04-21,3697.24
2018-04-22,3672.83
2018-04-23,3704.26
2018-04-24,3456.48
2018-04-25,3753.78
2018-04-26,3541.0
2018-04-27,3686.22
2018-04-28,3735.74
2018-04-29,3628.4
2018-04-30,3664.65
2018-05-01,3728.58
2018-05-02,3481.72
2018-05-03,3536.78
2018-05-04,3599.97
2018-05-05,3643.08
2018-05-06,3804.88
2018-05-07,3765.09
2018-05-08,3608.03
2018-05-09,3465.74
2018-05-10,3783.92
2018-05-11,3560.86
2018-05-12,3422.22
2018-05-13,3634.62
2018-05-14,3591.21
2018-05-15,3278.38
2018-05-16,3411.3
2018-05-17,3633.7
2018-05-18,3544.82
2018-05-19,3640.03
2018-05-20,3521.66
2018-05-21,3631.37
2018-05-22,3391.09
2018-05-23,3475.07
2018-05-24,3688.54
2018-05-25,3392.13
2018-05-26,3698.5
2018-05-27,3743.0
2018-05-28,3497.35
2018-05-29,3578.36
2018-05-30,3586.95
2018-05-31,3248.32
2018-06-01,3765.2
2018-06-02,3654.36
2018-06-03,3657.3
2018-06-04,3687.67
2018-06-05,3750.21
2018-06-06,3638.19
2018-06-07,3565.64
2018-06-08,3819.57
2018-06-09,3611.26
2018-06-10,3499.72
2018-06-11,3779.66
2018-06-12,3520.96
2018-06-13,3427.12
2018-06-14,3620.7
2018-06-15,3600.37
2018-06-16,3647.2
2018-06-17,3580.04
2018-06-18,3700.47
2018-06-19,3616.9
2018-06-20,3646.59
2018-06-21,3514.06
2018-06-22,3571.1
2018-06-23,3973.24
2018-06-24,3626.2
2018-06-25,3880.23
2018-06-26,3716.64
2018-06-27,3700.36
2018-06-28,3706.95
2018-06-29,3618.06
2018-06-30,3481.56
2018-07-01,3644.22
2018-07-02,3831.48
2018-07-03,3611.47
2018-07-04,3396.82
2018-07-05,3816.15
2018-07-06,3557.79
2018-07-07,3811.88
2018-07-08,3493.95
2018-07-09,3616.75
2018-07-10,3362.89
2018-07-11,3250.9
2018-07-12,3507.31
2018-07-13,3886.35
2018-07-14,3385.35
2018-07-15,3472.58
2018-07-16,3473.92
2018-07-17,3637.67
2018-07-18,3508.83
2018-07-19,3649.01
2018-07-20,3671.17
2018-07-21,3600.44
2018-07-22,3456.8
2018-07-23,3559.75
2018-07-24,3657.65
2018-07-25,3585.07
2018-07-26,3574.8
2018-07-27,3521.71
2018-07-28,3332.84
2018-07-29,3365.35
2018-07-30,3457.19
2018-07-31,3256.59
2018-08-01,3871.22
2018-08-02,3280.53
2018-08-03,3214.38
2018-08-04,3538.76
2018-08-05,3454.86
2018-08-06,3499.22
2018-08-07,3354.44
2018-08-08,3453.82
2018-08-09,3581.73
2018-08-10,3283.34
2018-08-11,3371.68
2018-08-12,3542.39
2018-08-13,3401.45
2018-08-14,3251.22
2018-08-15,3534.67
2018-08-16,3237.69
2018-08-17,3458.29
2018-08-18,3455.26
2018-08-19,3423.77
2018-08-20,3312.0
2018-08-21,3560.56
2018-08-22,3352.31
2018-08-23,3462.7
2018-08-24,3408.09
2018-08-25,3752.63
2018-08-26,3416.01
2018-08-27,3509.17
2018-08-28,3312.58
2018-08-29,3435.42
2018-08-30,3620.34
2018-08-31,3538.05
2018-09-01,3280.82
2018-09-02,3711.57
2018-09-03,3815.29
2018-09-04,3406.35
2018-09-05,3599.65
2018-09-06,3459.96
2018-09-07,3643.16
2018-09-08,3446.49
2018-09-09,3578.24
2018-09-10,3705.53
2018-09-11,3733.97
2018-09-12,3157.59
2018-09-13,3526.29
2018-09-14,3388.52
2018-09-15,3564.39
2018-09-16,3558.09
2018-09-17,3491.38
2018-09-18,3663.8
2018-09-19,3391.98
2018-09-20,3736.13
2018-09-21,3489.85
2018-09-22,3741.82
2018-09-23,3500.98
2018-09-24,3651.53
2018-09-25,3606.35
2018-09-26,3572.18
2018-09-27,3227.14
2018-09-28,3371.13
2018-09-29,3684.24
2018-09-30,3686.49
2018-10-01,3503.31
2018-10-02,3747.92
2018-10-03,3587.84
2018-10-04,3576.61
2018-10-05,3555.03
2018-10-06,3698.67
2018-10-07,3767.12
2018-10-08,3822.97
2018-10-09,3702.5
2018-10-10,3403.51
2018-10-11,3567.94
2018-10-12,3454.44
2018-10-13,3529.47
2018-10-14,3273.11
2018-10-15,3652.2
2018-10-16,3543.34
2018-10-17,3454.68
2018-10-18,3687.42
2018-10-19,3372.7
2018-10-20,3831.39
2018-10-21,3617.45
2018-10-22,3616.49
2018-10-23,3586.52
2018-10-24,3654.45
2018-10-25,3723.12
2018-10-26,3622.57
2018-10-27,3549.86
2018-10-28,3544.44
2018-10-29,3636.18
2018-10-30,3424.71
2018-10-31,3537.05
2018-11-01,3825.07
2018-11-02,3649.73
2018-11-03,3808.52
2018-11-04,3731.31
2018-11-05,3470.7
2018-11-06,3242.54
2018-11-07,3563.83
2018-11-08,3529.5
2018-11-09,3493.85
2018-11-10,3728.02
2018-11-11,3547.28
2018-11-12,3527.75
2018-11-13,3615.64
2018-11-14,3350.07
2018-11-15,3637.2
2018-11-16,3618.23
2018-11-17,3506.47
2018-11-18,3262.24
2018-11-19,3569.46
2018-11-20,3181.58
2018-11-21,3687.51
2018-11-22,3489.82
2018-11-23,3488.36
2018-11-24,3693.73
2018-11-25,3434.08
2018-11-26,3320.66
2018-11-27,3581.09
2018-11-28,3389.99
2018-11-29,3484.95
2018-11-30,3763.44
2018-12-01,3410.63
2018-12-02,3452.0
2018-12-03,3739.29
2018-12-04,3486.95
2018-12-05,3221.02
2018-12-06,3404.99
2018-12-07,3259.75
2018-12-08,3242.87
2018-12-09,3398.39
2018-12-10,3464.45
2018-12-11,3493.68
2018-12-12,3319.95
2018-12-13,3268.77
2018-12-14,3465.99
2018-12-15,3680.24
2018-12-16,3480.58
2018-12-17,3362.82
2018-12-18,3284.89
2018-12-19,3360.57
2018-12-20,3564.08
2018-12-21,3384.03
2018-12-22,3517.52
2018-12-23,3333.08
2018-12-24,3621.28
2018-12-25,3418.24
2018-12-26,3530.34
2018-12-27,3102.74
2018-12-28,3285.05
2018-12-29,3565.71
2018-12-30,3504.0
2018-12-31,3536.42
2019-01-01,3426.84
2019-01-02,3308.57
2019-01-03,3267.24
2019-01-04,3313.09
2019-01-05,3283.66
2019-01-06,3573.38
2019-01-07,3392.18
2019-01-08,3436.03
2019-01-09,3162.61
2019-01-10,3367.54
2019-01-11,3166.54
2019-01-12,3315.13
2019-01-13,3144.06
2019-01-14,3534.79
2019-01-15,3300.78
2019-01-16,3683.44
2019-01-17,3678.62
2019-01-18,3499.51
2019-01-19,3418.49
2019-01-20,3390.7
2019-01-21,3526.71
2019-01-22,3561.16
2019-01-23,3515.4
2019-01-24,3579.13
2019-01-25,3389.54
2019-01-26,3496.97
2019-01-27,3480.73
2019-01-28,3291.96
2019-01-29,3390.68
2019-01-30,3275.69
2019-01-31,3426.81
2019-02-01,3508.95
2019-02-02,3452.36
2019-02-03,3538.26
2019-02-04,3421.15
2019-02-05,3605.45
2019-02-06,3626.64
2019-02-07,3398.46
2019-02-08,3623.12
2019-02-09,3274.13
2019-02-10,3342.05
2019-02-11,3311.19
2019-02-12,3484.81
2019-02-13,3253.99
2019-02-14,3552.77
2019-02-15,3812.75
2019-02-16,3576.24
2019-02-17,3428.4
2019-02-18,3476.45
2019-02-19,3419.21
2019-02-20,3505.28
2019-02-21,3582.39
2019-02-22,3675.23
2019-02-23,3331.28
2019-02-24,3688.71
2019-02-25,3389.73
2019-02-26,3391.84
2019-02-27,3452.99
2019-02-28,3461.2
2019-03-01,3631.93
2019-03-02,3773.76
2019-03-03,3408.1
2019-03-04,3280.66
2019-03-05,3612.22
2019-03-06,3525.44
2019-03-07,3360.59
2019-03-08,3184.02
2019-03-09,3110.98
2019-03-10,3364.57
2019-03-11,3415.58
2019-03-12,3493.74
2019-03-13,3229.96
2019-03-14,3168.56
2019-03-15,3405.26
2019-03-16,3433.83
2019-03-17,3517.95
2019-03-18,3409.53
2019-03-19,3032.54
2019-03-20,3183.42
2019-03-21,3473.77
2019-03-22,3370.65
2019-03-23,3439.83
2019-03-24,3344.45
2019-03-25,3412.15
2019-03-26,3281.94
2019-03-27,3457.35
2019-03-28,3149.5
2019-03-29,3464.65
2019-03-30,3495.61
2019-03-31,3317.52
2019-04-01,3366.0
2019-04-02,3470.38
2019-04-03,3134.58
2019-04-04,3196.76
2019-04-05,3237.57
2019-04-06,3336.29
2019-04-07,3271.57
2019-04-08,3323.17
2019-04-09,3329.62
2019-04-10,3327.87
2019-04-11,3229.61
2019-04-12,3356.36
2019-04-13,3435.13
2019-04-14,3207.85
2019-04-15,3281.03
2019-04-16,3229.77
2019-04-17,3229.23
2019-04-18,3022.82
2019-04-19,3187.55
2019-04-20,3173.4
2019-04-21,3364.72
2019-04-22,3223.0
2019-04-23,3638.67
2019-04-24,3005.65
2019-04-25,3361.01
2019-04-26,3308.62
2019-04-27,3419.54
2019-04-28,3208.6
2019-04-29,3300.72
2019-04-30,3546.86
2019-05-01,3243.99
2019-05-02,3439.98
2019-05-03,3248.62
2019-05-04,3553.04
2019-05-05,3623.19
2019-05-06,3532.25
2019-05-07,3632.8
2019-05-08,3188.12
2019-05-09,3504.44
2019-05-10,3404.6
2019-05-11,3455.61
2019-05-12,3537.52
2019-05-13,3481.64
2019-05-14,3279.49
2019-05-15,3585.11
2019-05-16,3275.04
2019-05-17,3548.32
2019-05-18,3524.75
2019-05-19,3232.17
2019-05-20,3708.72
2019-05-21,3499.6
2019-05-22,3426.48
2019-05-23,3261.18
2019-05-24,3440.84
2019-05-25,3368.39
2019-05-26,3173.36
2019-05-27,3520.01
2019-05-28,3721.34
2019-05-29,3283.64
2019-05-30,3313.85
2019-05-31,3431.47
2019-06-01,3193.29
2019-06-02,3467.91
2019-06-03,3259.17
2019-06-04,3333.12
2019-06-05,3589.82
2019-06-06,3586.07
2019-06-07,3568.14
2019-06-08,3186.58
2019-06-09,3307.13
2019-06-10,3448.42
2019-06-11,3344.5
2019-06-12,3388.11
2019-06-13,3505.77
2019-06-14,3368.63
2019-06-15,3288.07
2019-06-16,3410.89
2019-06-17,3242.43
2019-06-18,3296.7
2019-06-19,3530.03
2019-06-20,3394.58
2019-06-21,3244.28
2019-06-22,3447.22
2019-06-23,3289.83
2019-06-24,3334.44
2019-06-25,3251.18
2019-06-26,3415.13
2019-06-27,3232.05
2019-06-28,3242.81
2019-06-29,3560.53
2019-06-30,3315.97
2019-07-01,3405.8
2019-07-02,3305.54
2019-07-03,3184.22
2019-07-04,3302.03
2019-07-05,3554.69
2019-07-06,3331.53
2019-07-07,3544.33
2019-07-08,3110.76
2019-07-09,3348.74
2019-07-10,3298.82
2019-07-11,3462.34
2019-07-12,3345.83
2019-07-13,3161.9
2019-07-14,3307.74
2019-07-15,3087.34
2019-07-16,3201.72
2019-07-17,3201.73
2019-07-18,3291.3
2019-07-19,3231.97
2019-07-20,3105.79
2019-07-21,3314.99
2019-07-22,3163.37
2019-07-23,2959.08
2019-07-24,3168.55
2019-07-25,3219.56
2019-07-26,3210.91
2019-07-27,3439.51
2019-07-28,3117.06
2019-07-29,3311.26
2019-07-30,3113.43
2019-07-31,2988.77
2019-08-01,3130.78
2019-08-02,3078.44
2019-08-03,3315.25
2019-08-04,3180.33
2019-08-05,3326.03
2019-08-06,3199.3
2019-08-07,3095.61
2019-08-08,3113.34
2019-08-09,3263.25
2019-08-10,3215.28
2019-08-11,3130.34
2019-08-12,3086.41
2019-08-13,3103.92
2019-08-14,3168.15
2019-08-15,3195.45
2019-08-16,2992.0
2019-08-17,3259.71
2019-08-18,3090.86
2019-08-19,3247.25
2019-08-20,3211.72
2019-08-21,3077.02
2019-08-22,3195.59
2019-08-23,3038.02
2019-08-24,3080.67
2019-08-25,3123.81
2019-08-26,3128.86
2019-08-27,3103.11
2019-08-28,3161.35
2019-08-29,3256.52
2019-08-30,3184.0
2019-08-31,3004.91
2019-09-01,3141.4
2019-09-02,3145.01
2019-09-03,3144.39
2019-09-04,3277.47
2019-09-05,2861.8
2019-09-06,3354.65
2019-09-07,3248.93
2019-09-08,3372.84
2019-09-09,3027.96
2019-09-10,3088.01
2019-09-11,3323.64
2019-09-12,2992.55
2019-09-13,3226.96
2019-09-14,3279.21
2019-09-15,3215.35
2019-09-16,3125.23
2019-09-17,3278.14
2019-09-18,3210.45
2019-09-19,3274.51
2019-09-20,3532.31
2019-09-21,3314.64
2019-09-22,2906.22
2019-09-23,3029.67
2019-09-24,3143.71
2019-09-25,3109.09
2019-09-26,3270.09
2019-09-27,2895.55
2019-09-28,3079.22
2019-09-29,3154.93
2019-09-30,3124.19
2019-10-01,3040.14
2019-10-02,3083.14
2019-10-03,3158.41
2019-10-04,3078.13
2019-10-05,3029.98
2019-10-06,3090.87
2019-10-07,3161.56
2019-10-08,3106.63
2019-10-09,3060.06
2019-10-10,3245.29
2019-10-11,3005.42
2019-10-12,3294.96
2019-10-13,3194.02
2019-10-14,3135.82
2019-10-15,3309.72
2019-10-16,3024.1
2019-10-17,3420.27
2019-10-18,3217.51
2019-10-19,3299.23
2019-10-20,3278.7
2019-10-21,3354.27
2019-10-22,3164.09
2019-10-23,3178.85
2019-10-24,2739.1
2019-10-25,2962.33
2019-10-26,3348.0
2019-10-27,3062.27
2019-10-28,3300.22
2019-10-29,3189.25
2019-10-30,3295.24
2019-10-31,3397.46
2019-11-01,3292.74
2019-11-02,3335.7
2019-11-03,3179.07
2019-11-04,3239.87
2019-11-05,3307.38
2019-11-06,3477.09
2019-11-07,3112.03
2019-11-08,3434.71
2019-11-09,3398.51
2019-11-10,3435.48
2019-11-11,3284.83
2019-11-12,3413.31
2019-11-13,3285.96
2019-11-14,3209.29
2019-11-15,3286.73
2019-11-16,3183.95
2019-11-17,3429.7
2019-11-18,3087.96
2019-11-19,3169.32
2019-11-20,3279.45
2019-11-21,3113.66
2019-11-22,3093.52
2019-11-23,3031.45
2019-11-24,3064.24
2019-11-25,3184.5
2019-11-26,3254.66
2019-11-27,3472.44
2019-11-28,3271.24
2019-11-29,3389.51
2019-11-30,2955.72
2019-12-01,3211.32
2019-12-02,3337.43
2019-12-03,3081.4
2019-12-04,3074.72
2019-12-05,3335.86
2019-12-06,3167.35
2019-12-07,3418.55
2019-12-08,3132.43
2019-12-09,3246.34
2019-12-10,3139.76
2019-12-11,3173.85
2019-12-12,3040.36
2019-12-13,3354.79
2019-12-14,3278.2
2019-12-15,3241.87
2019-12-16,3244.53
2019-12-17,3251.05
2019-12-18,3305.3
2019-12-19,3179.28
2019-12-20,3249.54
2019-12-21,3254.92
2019-12-22,3153.45
2019-12-23,3141.33
2019-12-24,3383.17
2019-12-25,3189.13
2019-12-26,3210.05
2019-12-27,3216.85
2019-12-28,3130.62
2019-12-29,3363.4
2019-12-30,3046.26
2019-12-31,3357.91
2020-01-01,3294.51
2020-01-02,3055.08
2020-01-03,3082.31
2020-01-04,3098.78
2020-01-05,3078.58
2020-01-06,3030.74
2020-01-07,2990.9
2020-01-08,3201.3
2020-01-09,3237.45
2020-01-10,3394.68
2020-01-11,2851.61
2020-01-12,2992.68
2020-01-13,3385.72
2020-01-14,3087.88
2020-01-15,3230.87
2020-01-16,3119.87
2020-01-17,3209.5
2020-01-18,3015.16
2020-01-19,3177.25
2020-01-20,3141.04
2020-01-21,3125.36
2020-01-22,2952.2
2020-01-23,2993.13
2020-01-24,3157.45
2020-01-25,3065.39
2020-01-26,3056.04
2020-01-27,3232.43
2020-01-28,3226.96
2020-01-29,3135.62
2020-01-30,2929.22
2020-01-31,2991.84
2020-02-01,3389.55
2020-02-02,3352.76
2020-02-03,3116.95
2020-02-04,3155.48
2020-02-05,3046.73
2020-02-06,3178.07
2020-02-07,3112.93
2020-02-08,2972.42
2020-02-09,3245.03
2020-02-10,3296.95
2020-02-11,3081.04
2020-02-12,2998.08
2020-02-13,3092.1
2020-02-14,3033.23
2020-02-15,3062.47
2020-02-16,3199.33
2020-02-17,3021.97
2020-02-18,3282.73
2020-02-19,3183.15
2020-02-20,3080.02
2020-02-21,3126.24
2020-02-22,3135.28
2020-02-23,3171.96
2020-02-24,3230.89
2020-02-25,3193.83
2020-02-26,2944.75
2020-02-27,3059.58
2020-02-28,2986.32
2020-02-29,3145.08
2020-03-01,3284.31
2020-03-02,2851.26
2020-03-03,3003.18
2020-03-04,3335.5
2020-03-05,3204.77
2020-03-06,3159.74
2020-03-07,3019.14
2020-03-08,3042.93
2020-03-09,3152.22
2020-03-10,3000.89
2020-03-11,3237.79
2020-03-12,3058.32
2020-03-13,3178.85
2020-03-14,2894.61
2020-03-15,3307.77
2020-03-16,2952.76
2020-03-17,2992.49
2020-03-18,3219.67
2020-03-19,3050.8
2020-03-20,3173.91
2020-03-21,3294.45
2020-03-22,2951.42
2020-03-23,3041.75
2020-03-24,3326.35
2020-03-25,3054.91
2020-03-26,3107.71
2020-03-27,2831.36
2020-03-28,3095.89
2020-03-29,2953.02
2020-03-30,3030.51
2020-03-31,2860.81
2020-04-01,2808.62
2020-04-02,2845.16
2020-04-03,3189.07
2020-04-04,2982.24
2020-04-05,3330.78
2020-04-06,2755.4
2020-04-07,3049.96
2020-04-08,3103.38
2020-04-09,2998.14
2020-04-10,3042.64
2020-04-11,3141.28
2020-04-12,2892.83
2020-04-13,2984.92
2020-04-14,2945.45
2020-04-15,3127.3
2020-04-16,2851.61
2020-04-17,3230.63
2020-04-18,3041.82
2020-04-19,3093.8
2020-04-20,3214.98
2020-04-21,3114.88
2020-04-22,3029.85
2020-04-23,3117.1
2020-04-24,3127.19
2020-04-25,3095.46
2020-04-26,2974.47
2020-04-27,3195.43
2020-04-28,3021.94
2020-04-29,3175.64
2020-04-30,2931.77
2020-05-01,3040.81
2020-05-02,3005.31
2020-05-03,3034.86
2020-05-04,2934.05
2020-05-05,2906.02
2020-05-06,3177.42
2020-05-07,2873.68
2020-05-08,2842.96
2020-05-09,3097.94
2020-05-10,2935.22
2020-05-11,3114.7
2020-05-12,2966.96
2020-05-13,3117.58
2020-05-14,3207.13
2020-05-15,3116.45
2020-05-16,3169.61
2020-05-17,3218.87
2020-05-18,3083.28
2020-05-19,2941.16
2020-05-20,2865.02
2020-05-21,2958.87
2020-05-22,2887.77
2020-05-23,2880.0
2020-05-24,2903.77
2020-05-25,3122.95
2020-05-26,3062.22
2020-05-27,2922.19
2020-05-28,3124.85
2020-05-29,3245.72
2020-05-30,3062.84
2020-05-31,2799.13
2020-06-01,3145.01
2020-06-02,2995.85
2020-06-03,3176.6
2020-06-04,3001.33
2020-06-05,3149.99
2020-06-06,3027.35
2020-06-07,3049.26
2020-06-08,3072.86
2020-06-09,3161.31
2020-06-10,3233.02
2020-06-11,3056.33
2020-06-12,3034.89
2020-06-13,3182.68
2020-06-14,3129.85
2020-06-15,3246.89
2020-06-16,3245.15
2020-06-17,3057.74
2020-06-18,3317.97
2020-06-19,3299.69
2020-06-20,3134.07
2020-06-21,3325.75
2020-06-22,3142.24
2020-06-23,2951.8
2020-06-24,3060.85
2020-06-25,3159.03
2020-06-26,2942.91
2020-06-27,2968.82
2020-06-28,3201.43
2020-06-29,3040.88
2020-06-30,3143.41
2020-07-01,2982.73
2020-07-02,3112.88
2020-07-03,2925.76
2020-07-04,3468.35
2020-07-05,3283.14
2020-07-06,3067.35
2020-07-07,3148.47
2020-07-08,3030.53
2020-07-09,3187.8
2020-07-10,3125.64
2020-07-11,2997.56
2020-07-12,3213.38
2020-07-13,3123.76
2020-07-14,2965.15
2020-07-15,3025.55
2020-07-16,2992.23
2020-07-17,3027.57
2020-07-18,3216.41
2020-07-19,2902.46
2020-07-20,3108.61
2020-07-21,3032.17
2020-07-22,2960.08
2020-07-23,3158.23
2020-07-24,3022.08
2020-07-25,3103.36
2020-07-26,3175.82
2020-07-27,3095.94
2020-07-28,3174.61
2020-07-29,2985.04
2020-07-30,2965.38
2020-07-31,3094.54
2020-08-01,2915.85
2020-08-02,3104.65
2020-08-03,3045.48
2020-08-04,2863.58
2020-08-05,3212.5
2020-08-06,3315.31
2020-08-07,2979.44
2020-08-08,3145.4
2020-08-09,3113.24
2020-08-10,3167.02
2020-08-11,3071.28
2020-08-12,3170.22
2020-08-13,2892.3
2020-08-14,3087.91
2020-08-15,3001.26
2020-08-16,3216.88
2020-08-17,3067.54
2020-08-18,3092.56
2020-08-19,3116.75
2020-08-20,2940.67
2020-08-21,3164.62
2020-08-22,3011.34
2020-08-23,3023.68
2020-08-24,2914.82
2020-08-25,3072.72
2020-08-26,2981.17
2020-08-27,3242.18
2020-08-28,3054.68
2020-08-29,2920.82
2020-08-30,3097.31
2020-08-31,2877.61
2020-09-01,3251.14
2020-09-02,2946.38
2020-09-03,3042.41
2020-09-04,2951.1
2020-09-05,3029.07
2020-09-06,2881.35
2020-09-07,3037.88
2020-09-08,2835.21
2020-09-09,2918.04
2020-09-10,2949.63
2020-09-11,2988.05
2020-09-12,2927.59
2020-09-13,2935.38
2020-09-14,2940.26
2020-09-15,2991.22
2020-09-16,3062.58
2020-09-17,3084.79
2020-09-18,3165.99
2020-09-19,3018.68
2020-09-20,3174.62
2020-09-21,3084.48
2020-09-22,3043.17
2020-09-23,3022.24
2020-09-24,3187.8
2020-09-25,3007.08
2020-09-26,2912.11
2020-09-27,3042.45
2020-09-28,2958.51
2020-09-29,3213.02
2020-09-30,2887.56
2020-10-01,2927.01
2020-10-02,2996.27
2020-10-03,2865.46
2020-10-04,3201.17
2020-10-05,3054.86
2020-10-06,3161.64
2020-10-07,3045.6
2020-10-08,3225.01
2020-10-09,3157.46
2020-10-10,3001.6
2020-10-11,2850.5
2020-10-12,3156.89
2020-10-13,2776.13
2020-10-14,3081.4
2020-10-15,2783.34
2020-10-16,2868.46
2020-10-17,2916.4
2020-10-18,3152.14
2020-10-19,3197.97
2020-10-20,3053.65
2020-10-21,3145.32
2020-10-22,2961.85
2020-10-23,3202.68
2020-10-24,3011.7
2020-10-25,3372.68
2020-10-26,3058.97
2020-10-27,2988.63
2020-10-28,3132.74
2020-10-29,3052.19
2020-10-30,2965.97
2020-10-31,2903.39
2020-11-01,2910.05
2020-11-02,2952.42
2020-11-03,2854.54
2020-11-04,2815.14
2020-11-05,2832.34
2020-11-06,2826.16
2020-11-07,3072.17
2020-11-08,2967.94
2020-11-09,2923.88
2020-11-10,2990.38
2020-11-11,3047.56
2020-11-12,2997.36
2020-11-13,3000.03
2020-11-14,2763.74
2020-11-15,3052.89
2020-11-16,2911.24
2020-11-17,2843.15
2020-11-18,2881.49
2020-11-19,3136.51
2020-11-20,2919.44
2020-11-21,2821.1
2020-11-22,2757.95
2020-11-23,2851.72
2020-11-24,2657.6
2020-11-25,2997.52
2020-11-26,2956.82
2020-11-27,3123.22
2020-11-28,2971.16
2020-11-29,3163.74
2020-11-30,2679.3
2020-12-01,3076.08
2020-12-02,2861.68
2020-12-03,2797.03
2020-12-04,2860.48
2020-12-05,2911.53
2020-12-06,2860.72
2020-12-07,3079.25
2020-12-08,2846.91
2020-12-09,2890.98
2020-12-10,3024.73
2020-12-11,2832.45
2020-12-12,2858.75
2020-12-13,2700.94
2020-12-14,2975.92
2020-12-15,2951.49
2020-12-16,2887.9
2020-12-17,2903.46
2020-12-18,2959.99
2020-12-19,2940.14
2020-12-20,2937.18
2020-12-21,2962.18
2020-12-22,2748.85
2020-12-23,3002.31
2020-12-24,2961.04
2020-12-25,3043.36
2020-12-26,2888.39
2020-12-27,2992.47
2020-12-28,2705.81
2020-12-29,2916.19
2020-12-30,2799.93
2020-12-31,2867.6
2021-01-01,2796.51
2021-01-02,2946.46
2021-01-03,2931.86
2021-01-04,2964.21
2021-01-05,2916.91
2021-01-06,2905.7
2021-01-07,2938.34
2021-01-08,2885.51
2021-01-09,3036.38
2021-01-10,2798.66
2021-01-11,3023.17
2021-01-12,2826.85
2021-01-13,2804.97
2021-01-14,3029.34
2021-01-15,2989.96
2021-01-16,2931.85
2021-01-17,2746.48
2021-01-18,2876.88
2021-01-19,2790.51
2021-01-20,2808.4
2021-01-21,2766.52
2021-01-22,2766.41
2021-01-23,2730.33
2021-01-24,2912.94
2021-01-25,2771.36
2021-01-26,2865.73
2021-01-27,3076.71
2021-01-28,2968.8
2021-01-29,2979.85
2021-01-30,2852.74
2021-01-31,2764.2
2021-02-01,2838.62
2021-02-02,2795.74
2021-02-03,2911.99
2021-02-04,2748.2
2021-02-05,2591.23
2021-02-06,2760.31
2021-02-07,2717.19
2021-02-08,3019.51
2021-02-09,2718.18
2021-02-10,2855.64
2021-02-11,2666.97
2021-02-12,2986.64
2021-02-13,2876.15
2021-02-14,2727.44
2021-02-15,2845.85
2021-02-16,2912.16
2021-02-17,2774.7
2021-02-18,2834.55
2021-02-19,2778.63
2021-02-20,2607.09
2021-02-21,2905.09
2021-02-22,2723.43
2021-02-23,2911.65
2021-02-24,2641.58
2021-02-25,2775.54
2021-02-26,2751.11
2021-02-27,2767.7
2021-02-28,2879.49
2021-03-01,2671.25
2021-03-02,2791.2
2021-03-03,2811.18
2021-03-04,2809.84
2021-03-05,2625.63
2021-03-06,2741.03
2021-03-07,2897.07
2021-03-08,2797.02
2021-03-09,2988.34
2021-03-10,2885.29
2021-03-11,2651.71
2021-03-12,2731.24
2021-03-13,2630.63
2021-03-14,2796.97
2021-03-15,2857.9
2021-03-16,2551.33
2021-03-17,2961.25
2021-03-18,2879.13
2021-03-19,2815.65
2021-03-20,3003.4
2021-03-21,2754.16
2021-03-22,2796.8
2021-03-23,2908.29
2021-03-24,3007.19
2021-03-25,3080.48
2021-03-26,2888.24
2021-03-27,2853.9
2021-03-28,2848.67
2021-03-29,2879.63
2021-03-30,3019.2
2021-03-31,2777.08
2021-04-01,2883.21
2021-04-02,2963.33
2021-04-03,3046.94
2021-04-04,2942.02
2021-04-05,2878.6
2021-04-06,3001.96
2021-04-07,2786.62
2021-04-08,2999.91
2021-04-09,2771.85
2021-04-10,2719.36
2021-04-11,3023.42
2021-04-12,2859.9
2021-04-13,2873.29
2021-04-14,3166.41
2021-04-15,2779.53
2021-04-16,2841.48
2021-04-17,2883.86
2021-04-18,2762.54
2021-04-19,3128.62
2021-04-20,2508.64
2021-04-21,2916.44
2021-04-22,2684.44
2021-04-23,3053.37
2021-04-24,2883.41
2021-04-25,2935.66
2021-04-26,2979.77
2021-04-27,2960.84
2021-04-28,2799.6
2021-04-29,3021.95
2021-04-30,2874.58
2021-05-01,2872.3
2021-05-02,2926.55
2021-05-03,3014.45
2021-05-04,2863.19
2021-05-05,2882.88
2021-05-06,2837.11
2021-05-07,2973.44
2021-05-08,2797.28
2021-05-09,2789.2
2021-05-10,2875.58
2021-05-11,2879.4
2021-05-12,2607.18
2021-05-13,2776.91
2021-05-14,2816.94
2021-05-15,2718.0
2021-05-16,3059.93
2021-05-17,2994.99
2021-05-18,2911.71
2021-05-19,3087.73
2021-05-20,2978.81
2021-05-21,2995.74
2021-05-22,2997.91
2021-05-23,2836.25
2021-05-24,2894.4
2021-05-25,2948.12
2021-05-26,2787.12
2021-05-27,2895.47
2021-05-28,2743.87
2021-05-29,3082.91
2021-05-30,2916.91
2021-05-31,2911.49
2021-06-01,2981.64
2021-06-02,2785.34
2021-06-03,2694.33
2021-06-04,2938.11
2021-06-05,2930.63
2021-06-06,2911.18
2021-06-07,2714.62
2021-06-08,2844.01
2021-06-09,2808.39
2021-06-10,2944.1
2021-06-11,2752.83
2021-06-12,2819.06
2021-06-13,3129.45
2021-06-14,2817.17
2021-06-15,2670.42
2021-06-16,2729.23
2021-06-17,2901.51
2021-06-18,2601.83
2021-06-19,2568.27
2021-06-20,2608.88
2021-06-21,2928.43
2021-06-22,2784.53
2021-06-23,2771.13
2021-06-24,2574.63
2021-06-25,2948.55
2021-06-26,2917.05
2021-06-27,2824.88
2021-06-28,2731.19
2021-06-29,2782.74
2021-06-30,2865.32
2021-07-01,2854.2
2021-07-02,2726.17
2021-07-03,2537.86
2021-07-04,2651.81
2021-07-05,2752.64
2021-07-06,2791.8
2021-07-07,2603.12
2021-07-08,2896.14
2021-07-09,2552.64
2021-07-10,2794.04
2021-07-11,2971.49
2021-07-12,2682.96
2021-07-13,2730.92
2021-07-14,2831.16
2021-07-15,2944.77
2021-07-16,2721.78
2021-07-17,2742.16
2021-07-18,2724.6
2021-07-19,2858.78
2021-07-20,2843.89
2021-07-21,2761.09
2021-07-22,2832.72
2021-07-23,2785.01
2021-07-24,2949.15
2021-07-25,2895.67
2021-07-26,2848.29
2021-07-27,2907.84
2021-07-28,2937.05
2021-07-29,2706.71
2021-07-30,2841.3
2021-07-31,2680.2
2021-08-01,2931.91
2021-08-02,2587.6
2021-08-03,2762.02
2021-08-04,2638.02
2021-08-05,2921.06
2021-08-06,2631.14
2021-08-07,2906.48
2021-08-08,2725.9
2021-08-09,2858.28
2021-08-10,2794.17
2021-08-11,2702.34
2021-08-12,2775.61
2021-08-13,3016.4
2021-08-14,2898.33
2021-08-15,2879.9
2021-08-16,2780.41
2021-08-17,2734.85
2021-08-18,2666.48
2021-08-19,2807.96
2021-08-20,2690.18
2021-08-21,2647.19
2021-08-22,2864.04
2021-08-23,2723.79
2021-08-24,2770.29
2021-08-25,2745.11
2021-08-26,2806.06
2021-08-27,2615.8
2021-08-28,2615.99
2021-08-29,2907.97
2021-08-30,2667.77
2021-08-31,2959.39
2021-09-01,2749.51
2021-09-02,2827.21
2021-09-03,2533.42
2021-09-04,2862.27
2021-09-05,2520.02
2021-09-06,2512.25
2021-09-07,2644.96
2021-09-08,2770.6
2021-09-09,2562.84
2021-09-10,2556.22
2021-09-11,2589.1
2021-09-12,2940.52
2021-09-13,2747.75
2021-09-14,2592.77
2021-09-15,2418.3
2021-09-16,2707.9
2021-09-17,2905.24
2021-09-18,2641.45
2021-09-19,2899.41
2021-09-20,2728.69
2021-09-21,2780.45
2021-09-22,2828.51
2021-09-23,2752.39
2021-09-24,2668.56
2021-09-25,2872.54
2021-09-26,2660.26
2021-09-27,2619.36
2021-09-28,2698.97
2021-09-29,2703.25
2021-09-30,2702.56
2021-10-01,2717.89
2021-10-02,2731.05
2021-10-03,2736.54
2021-10-04,2688.54
2021-10-05,2845.13
2021-10-06,2720.02
2021-10-07,2717.69
2021-10-08,2604.28
2021-10-09,2712.61
2021-10-10,2583.56
2021-10-11,2817.59
2021-10-12,3003.76
2021-10-13,2798.02
2021-10-14,2909.8
2021-10-15,2716.58
2021-10-16,2710.61
2021-10-17,2787.25
2021-10-18,3019.4
2021-10-19,2737.72
2021-10-20,2687.32
2021-10-21,2418.63
2021-10-22,2889.92
2021-10-23,2795.25
2021-10-24,2573.22
2021-10-25,2596.23
2021-10-26,2844.3
2021-10-27,2642.62
2021-10-28,2642.95
2021-10-29,3034.77
2021-10-30,2682.17
2021-10-31,2805.04
2021-11-01,2952.12
2021-11-02,2727.32
2021-11-03,2542.96
2021-11-04,2783.24
2021-11-05,2738.03
2021-11-06,2777.2
2021-11-07,2708.12
2021-11-08,2663.41
2021-11-09,2768.38
2021-11-10,2732.88
2021-11-11,2784.68
2021-11-12,2801.71
2021-11-13,2860.76
2021-11-14,2710.48
2021-11-15,2785.66
2021-11-16,2854.3
2021-11-17,2852.05
2021-11-18,2746.49
2021-11-19,2869.76
2021-11-20,2790.77
2021-11-21,2664.5
2021-11-22,2696.29
2021-11-23,2576.21
2021-11-24,2717.99
2021-11-25,2755.23
2021-11-26,2807.63
2021-11-27,2933.07
2021-11-28,3002.37
2021-11-29,2973.36
2021-11-30,2821.36
2021-12-01,2702.57
2021-12-02,2648.7
2021-12-03,2678.51
2021-12-04,2738.28
2021-12-05,2759.75
2021-12-06,2723.12
2021-12-07,2612.39
2021-12-08,2752.03
2021-12-09,2730.46
2021-12-10,2831.27
2021-12-11,2652.9
2021-12-12,2627.38
2021-12-13,2704.15
2021-12-14,2696.45
2021-12-15,2721.88
2021-12-16,2847.82
2021-12-17,2728.7
2021-12-18,2978.09
2021-12-19,2898.52
2021-12-20,2699.57
2021-12-21,2674.07
2021-12-22,2561.85
2021-12-23,2784.04
2021-12-24,2561.92
2021-12-25,2637.38
2021-12-26,2633.43
2021-12-27,2697.23
2021-12-28,2613.88
2021-12-29,2815.8
2021-12-30,2624.13
2021-12-31,2655.06
2022-01-01,2573.1
2022-01-02,2697.74
2022-01-03,2593.22
2022-01-04,2782.81
2022-01-05,2801.84
2022-01-06,2706.67
2022-01-07,2743.9
2022-01-08,2744.33
2022-01-09,2924.97
2022-01-10,2829.98
2022-01-11,2774.0
2022-01-12,2896.11
2022-01-13,2885.38
2022-01-14,2710.47
2022-01-15,2525.75
2022-01-16,2764.48
2022-01-17,2684.81
2022-01-18,2487.21
2022-01-19,2844.16
2022-01-20,2615.73
2022-01-21,2538.6
2022-01-22,2610.88
2022-01-23,2856.55
2022-01-24,2674.32
2022-01-25,2747.21
2022-01-26,2639.12
2022-01-27,2772.85
2022-01-28,2660.67
2022-01-29,2609.92
2022-01-30,2713.73
2022-01-31,2778.91
2022-02-01,2770.21
2022-02-02,2587.59
2022-02-03,2528.42
2022-02-04,2561.16
2022-02-05,2664.28
2022-02-06,2523.38
2022-02-07,2665.12
2022-02-08,2529.52
2022-02-09,2840.78
2022-02-10,2751.92
2022-02-11,2643.6
2022-02-12,2789.36
2022-02-13,2841.88
2022-02-14,2469.38
2022-02-15,2854.07
2022-02-16,2729.18
2022-02-17,2751.41
2022-02-18,2631.8
2022-02-19,2515.36
2022-02-20,2691.71
2022-02-21,2732.39
2022-02-22,2602.01
2022-02-23,2648.29
2022-02-24,2470.67
2022-02-25,2787.4
2022-02-26,2718.31
2022-02-27,2591.36
2022-02-28,2551.82
2022-03-01,2672.95
2022-03-02,2775.88
2022-03-03,2653.59
2022-03-04,2640.26
2022-03-05,2735.2
2022-03-06,2930.56
2022-03-07,2778.3
2022-03-08,2686.69
2022-03-09,2538.63
2022-03-10,2890.62
2022-03-11,2923.23
2022-03-12,2636.34
2022-03-13,2762.59
2022-03-14,2690.68
2022-03-15,2580.45
2022-03-16,2797.08
2022-03-17,2559.74
2022-03-18,2749.28
2022-03-19,2619.15
2022-03-20,2607.62
2022-03-21,2683.76
2022-03-22,2604.4
2022-03-23,2623.7
2022-03-24,2537.75
2022-03-25,2840.68
2022-03-26,2385.79
2022-03-27,2471.88
2022-03-28,2483.45
2022-03-29,2935.55
2022-03-30,2484.38
2022-03-31,2438.68
2022-04-01,2539.0
2022-04-02,2582.91
2022-04-03,2711.49
2022-04-04,2688.24
2022-04-05,2521.98
2022-04-06,2761.26
2022-04-07,2547.25
2022-04-08,2708.33
2022-04-09,2605.83
2022-04-10,2604.44
2022-04-11,2551.52
2022-04-12,2746.28
2022-04-13,2546.04
2022-04-14,2476.36
2022-04-15,2579.1
2022-04-16,2703.65
2022-04-17,2485.6
2022-04-18,2616.97
2022-04-19,2583.45
2022-04-20,2657.86
2022-04-21,2704.67
2022-04-22,2641.45
2022-04-23,2694.49
2022-04-24,2721.67
2022-04-25,2405.08
2022-04-26,2543.0
2022-04-27,2418.99
2022-04-28,2591.48
2022-04-29,2785.7
2022-04-30,2648.9
2022-05-01,2731.49
2022-05-02,2469.48
2022-05-03,2672.07
2022-05-04,2635.28
2022-05-05,2652.66
2022-05-06,2521.86
2022-05-07,2491.69
2022-05-08,2564.75
2022-05-09,2416.68
2022-05-10,2562.28
2022-05-11,2575.7
2022-05-12,2589.83
2022-05-13,2686.85
2022-05-14,2455.13
2022-05-15,2707.61
2022-05-16,2529.03
2022-05-17,2630.5
2022-05-18,2641.28
2022-05-19,2750.43
2022-05-20,2636.71
2022-05-21,2570.15
2022-05-22,2256.28
2022-05-23,2517.25
2022-05-24,2731.57
2022-05-25,2562.08
2022-05-26,2464.92
2022-05-27,2298.69
2022-05-28,2420.03
2022-05-29,2538.32
2022-05-30,2525.01
2022-05-31,2539.21
2022-06-01,2441.67
2022-06-02,2562.91
2022-06-03,2390.9
2022-06-04,2362.34
2022-06-05,2525.5
2022-06-06,2694.56
2022-06-07,2523.7
2022-06-08,2472.41
2022-06-09,2567.62
2022-06-10,2576.47
2022-06-11,2762.0
2022-06-12,2561.32
2022-06-13,2699.06
2022-06-14,2708.59
2022-06-15,2577.4
2022-06-16,2695.05
2022-06-17,2614.02
2022-06-18,2463.53
2022-06-19,2494.34
2022-06-20,2482.2
2022-06-21,2647.7
2022-06-22,2430.73
2022-06-23,2618.32
2022-06-24,2632.89
2022-06-25,2572.67
2022-06-26,2318.17
2022-06-27,2570.09
2022-06-28,2469.46
2022-06-29,2552.41
2022-06-30,2415.72
2022-07-01,2528.6
2022-07-02,2568.1
2022-07-03,2734.24
2022-07-04,2737.28
2022-07-05,2629.76
2022-07-06,2700.4
2022-07-07,2714.19
2022-07-08,2565.65
2022-07-09,2699.79
2022-07-10,2572.19
2022-07-11,2619.59
2022-07-12,2478.76
2022-07-13,2469.0
2022-07-14,2719.67
2022-07-15,2445.8
2022-07-16,2478.68
2022-07-17,2491.07
2022-07-18,2457.01
2022-07-19,2619.17
2022-07-20,2585.83
2022-07-21,2540.53
2022-07-22,2552.0
2022-07-23,2437.51
2022-07-24,2685.27
2022-07-25,2535.98
2022-07-26,2686.21
2022-07-27,2647.06
2022-07-28,2699.39
2022-07-29,2664.96
2022-07-30,2554.27
2022-07-31,2653.82
2022-08-01,2302.31
2022-08-02,2419.11
2022-08-03,2497.08
2022-08-04,2585.94
2022-08-05,2635.61
2022-08-06,2550.18
2022-08-07,2510.91
2022-08-08,2660.83
2022-08-09,2500.9
2022-08-10,2587.97
2022-08-11,2479.83
2022-08-12,2522.74
2022-08-13,2628.34
2022-08-14,2561.06
2022-08-15,2771.03
2022-08-16,2733.2
2022-08-17,2452.24
2022-08-18,2525.07
2022-08-19,2489.98
2022-08-20,2646.17
2022-08-21,2699.68
2022-08-22,2767.68
2022-08-23,2797.56
2022-08-24,2612.18
2022-08-25,2727.64
2022-08-26,2705.33
2022-08-27,2567.97
2022-08-28,2419.73
2022-08-29,2690.76
2022-08-30,2470.89
2022-08-31,2602.12
2022-09-01,2664.28
2022-09-02,2587.8
2022-09-03,2635.35
2022-09-04,2602.86
2022-09-05,2707.88
2022-09-06,2374.94
2022-09-07,2449.67
2022-09-08,2762.06
2022-09-09,2589.31
2022-09-10,2780.7
2022-09-11,2539.95
2022-09-12,2698.44
2022-09-13,2672.67
2022-09-14,2776.54
2022-09-15,2568.39
2022-09-16,2669.73
2022-09-17,2614.59
2022-09-18,2560.1
2022-09-19,2516.09
2022-09-20,2555.59
2022-09-21,2635.74
2022-09-22,2732.94
2022-09-23,2675.4
2022-09-24,2553.98
2022-09-25,2609.38
2022-09-26,2792.37
2022-09-27,2606.12
2022-09-28,2553.05
2022-09-29,2536.64
2022-09-30,2426.57
2022-10-01,2648.61
2022-10-02,2579.51
2022-10-03,2629.3
2022-10-04,2750.55
2022-10-05,2761.04
2022-10-06,2714.59
2022-10-07,2384.99
2022-10-08,2761.54
2022-10-09,2531.99
2022-10-10,2547.9
2022-10-11,2492.33
2022-10-12,2502.65
2022-10-13,2644.65
2022-10-14,2602.5
2022-10-15,2597.04
2022-10-16,2545.98
2022-10-17,2461.89
2022-10-18,2529.12
2022-10-19,2437.57
2022-10-20,2437.76
2022-10-21,2517.38
2022-10-22,2576.33
2022-10-23,2303.82
2022-10-24,2601.4
2022-10-25,2373.85
2022-10-26,2603.2
2022-10-27,2473.91
2022-10-28,2454.51
2022-10-29,2497.65
2022-10-30,2512.11
2022-10-31,2468.01
2022-11-01,2443.84
2022-11-02,2477.12
2022-11-03,2408.87
2022-11-04,2465.52
2022-11-05,2516.01
2022-11-06,2547.38
2022-11-07,2438.47
2022-11-08,2363.13
2022-11-09,2686.33
2022-11-10,2367.82
2022-11-11,2529.96
2022-11-12,2587.5
2022-11-13,2426.2
2022-11-14,2443.36
2022-11-15,2379.22
2022-11-16,2385.14
2022-11-17,2603.53
2022-11-18,2576.71
2022-11-19,2476.73
2022-11-20,2600.15
2022-11-21,2409.77
2022-11-22,2494.54
2022-11-23,2424.75
2022-11-24,2617.8
2022-11-25,2536.61
2022-11-26,2473.87
2022-11-27,2718.46
2022-11-28,2517.95
2022-11-29,2505.34
2022-11-30,2378.42
2022-12-01,2309.31
2022-12-02,2622.15
2022-12-03,2394.85
2022-12-04,2560.3
2022-12-05,2434.49
2022-12-06,2399.41
2022-12-07,2545.08
2022-12-08,2632.0
2022-12-09,2493.65
2022-12-10,2364.42
2022-12-11,2359.49
2022-12-12,2612.5
2022-12-13,2523.29
2022-12-14,2478.35
2022-12-15,2656.71
2022-12-16,2196.61
2022-12-17,2573.23
2022-12-18,2368.3
2022-12-19,2493.89
2022-12-20,2480.84
2022-12-21,2348.12
2022-12-22,2441.46
2022-12-23,2299.61
2022-12-24,2425.85
2022-12-25,2545.01
2022-12-26,2457.86
2022-12-27,2316.55
2022-12-28,2304.64
2022-12-29,2491.46
2022-12-30,2317.88
2022-12-31,2265.69
2023-01-01,2484.34
2023-01-02,2285.02
2023-01-03,2462.74
2023-01-04,2532.16
2023-01-05,2441.17
2023-01-06,2635.33
2023-01-07,2433.35
2023-01-08,2551.18
2023-01-09,2300.55
2023-01-10,2460.03
2023-01-11,2456.43
2023-01-12,2602.1
2023-01-13,2403.1
2023-01-14,2476.33
2023-01-15,2534.59
2023-01-16,2334.84
2023-01-17,2360.39
2023-01-18,2454.57
2023-01-19,2363.22
2023-01-20,2415.61
2023-01-21,2553.54
2023-01-22,2500.48
2023-01-23,2450.78
2023-01-24,2557.63
2023-01-25,2458.09
2023-01-26,2530.64
2023-01-27,2625.79
2023-01-28,2561.64
2023-01-29,2632.49
2023-01-30,2493.99
2023-01-31,2301.62
2023-02-01,2374.92
2023-02-02,2501.62
2023-02-03,2589.1
2023-02-04,2288.5
2023-02-05,2395.48
2023-02-06,2484.12
2023-02-07,2438.73
2023-02-08,2473.83
2023-02-09,2531.12
2023-02-10,2481.84
2023-02-11,2379.6
2023-02-12,2679.78
2023-02-13,2577.35
2023-02-14,2285.28
2023-02-15,2399.49
2023-02-16,2486.08
2023-02-17,2404.15
2023-02-18,2533.33
2023-02-19,2373.15
2023-02-20,2455.84
2023-02-21,2599.23
2023-02-22,2409.53
2023-02-23,2365.19
2023-02-24,2238.1
2023-02-25,2436.36
2023-02-26,2554.39
2023-02-27,2281.45
2023-02-28,2370.85
2023-03-01,2342.69
2023-03-02,2316.79
2023-03-03,2466.81
2023-03-04,2613.52
2023-03-05,2507.85
2023-03-06,2350.6
2023-03-07,2532.9
2023-03-08,2388.18
2023-03-09,2387.07
2023-03-10,2586.58
2023-03-11,2412.66
2023-03-12,2496.29
2023-03-13,2495.02
2023-03-14,2394.93
2023-03-15,2530.94
2023-03-16,2337.11
2023-03-17,2431.59
2023-03-18,2468.79
2023-03-19,2402.35
2023-03-20,2494.17
2023-03-21,2467.58
2023-03-22,2493.24
2023-03-23,2508.79
2023-03-24,2418.52
2023-03-25,2543.72
2023-03-26,2433.48
2023-03-27,2571.5
2023-03-28,2432.94
2023-03-29,2592.42
2023-03-30,2193.69
2023-03-31,2491.86
2023-04-01,2389.06
2023-04-02,2492.52
2023-04-03,2491.6
2023-04-04,2455.28
2023-04-05,2420.21
2023-04-06,2547.64
2023-04-07,2200.07
2023-04-08,2347.38
2023-04-09,2344.99
2023-04-10,2346.27
2023-04-11,2338.53
2023-04-12,2374.61
2023-04-13,2551.6
2023-04-14,2367.14
2023-04-15,2589.04
2023-04-16,2380.8
2023-04-17,2518.1
2023-04-18,2355.23
2023-04-19,2584.73
2023-04-20,2594.01
2023-04-21,2338.53
2023-04-22,2501.82
2023-04-23,2246.33
2023-04-24,2350.68
2023-04-25,2349.68
2023-04-26,2557.06
2023-04-27,2675.72
2023-04-28,2517.85
2023-04-29,2354.23
2023-04-30,2434.44
2023-05-01,2408.87
2023-05-02,2167.77
2023-05-03,2432.02
2023-05-04,2553.42
2023-05-05,2476.29
2023-05-06,2477.57
2023-05-07,2489.98
2023-05-08,2488.87
2023-05-09,2452.19
2023-05-10,2574.08
2023-05-11,2393.66
2023-05-12,2442.19
2023-05-13,2328.31
2023-05-14,2502.8
2023-05-15,2478.11
2023-05-16,2381.62
2023-05-17,2278.34
2023-05-18,2578.94
2023-05-19,2477.39
2023-05-20,2538.14
2023-05-21,2350.44
2023-05-22,2419.6
2023-05-23,2635.53
2023-05-24,2455.51
2023-05-25,2469.01
2023-05-26,2505.44
2023-05-27,2422.66
2023-05-28,2393.62
2023-05-29,2501.79
2023-05-30,2512.13
2023-05-31,2564.8
2023-06-01,2375.71
2023-06-02,2391.87
2023-06-03,2482.41
2023-06-04,2510.52
2023-06-05,2396.78
2023-06-06,2499.92
2023-06-07,2299.31
2023-06-08,2473.96
2023-06-09,2258.53
2023-06-10,2302.06
2023-06-11,2444.64
2023-06-12,2509.79
2023-06-13,2283.99
2023-06-14,2390.96
2023-06-15,2320.34
2023-06-16,2346.93
2023-06-17,2427.49
2023-06-18,2540.66
2023-06-19,2309.18
2023-06-20,2193.75
2023-06-21,2269.8
2023-06-22,2272.52
2023-06-23,2372.76
2023-06-24,2196.42
2023-06-25,2374.38
2023-06-26,2401.66
2023-06-27,2276.46
2023-06-28,2407.08
2023-06-29,2441.03
2023-06-30,2281.17
2023-07-01,2273.71
2023-07-02,2262.62
2023-07-03,2450.59
2023-07-04,2351.39
2023-07-05,2256.15
2023-07-06,2382.94
2023-07-07,2300.3
2023-07-08,2457.24
2023-07-09,2304.79
2023-07-10,2154.95
2023-07-11,2420.04
2023-07-12,2329.25
2023-07-13,2362.22
2023-07-14,2410.28
2023-07-15,2352.33
2023-07-16,2294.94
2023-07-17,2202.61
2023-07-18,2350.05
2023-07-19,2306.47
2023-07-20,2340.85
2023-07-21,2343.22
2023-07-22,2412.01
2023-07-23,2398.29
2023-07-24,2460.93
2023-07-25,2397.66
2023-07-26,2339.62
2023-07-27,2299.44
2023-07-28,2334.31
2023-07-29,2258.41
2023-07-30,2481.33
2023-07-31,2286.24
2023-08-01,2309.85
2023-08-02,2138.84
2023-08-03,2522.82
2023-08-04,2321.2
2023-08-05,2337.42
2023-08-06,2326.53
2023-08-07,2321.98
2023-08-08,2460.55
2023-08-09,2359.67
2023-08-10,2463.83
2023-08-11,2246.05
2023-08-12,2467.71
2023-08-13,2478.26
2023-08-14,2392.17
2023-08-15,2287.32
2023-08-16,2452.18
2023-08-17,2312.6
2023-08-18,2248.71
2023-08-19,2549.32
2023-08-20,2258.62
2023-08-21,2279.88
2023-08-22,2514.59
2023-08-23,2334.02
2023-08-24,2470.42
2023-08-25,2421.81
2023-08-26,2257.43
2023-08-27,2571.45
2023-08-28,2427.11
2023-08-29,2625.51
2023-08-30,2240.69
2023-08-31,2295.4
2023-09-01,2135.87
2023-09-02,2318.94
2023-09-03,2289.93
2023-09-04,2367.74
2023-09-05,2509.87
2023-09-06,2481.96
2023-09-07,2309.59
2023-09-08,2450.38
2023-09-09,2421.86
2023-09-10,2421.85
2023-09-11,2289.65
2023-09-12,2289.79
2023-09-13,2470.51
2023-09-14,2434.57
2023-09-15,2399.76
2023-09-16,2541.8
2023-09-17,2384.65
2023-09-18,2444.97
2023-09-19,2344.61
2023-09-20,2383.95
2023-09-21,2265.04
2023-09-22,2190.0
2023-09-23,2407.76
2023-09-24,2295.39
2023-09-25,2492.32
2023-09-26,2405.6
2023-09-27,2285.31
2023-09-28,2260.64
2023-09-29,2345.0
2023-09-30,2376.05
2023-10-01,2247.09
2023-10-02,2315.67
2023-10-03,2448.57
2023-10-04,2333.64
2023-10-05,2520.63
2023-10-06,2454.52
2023-10-07,2406.95
2023-10-08,2593.22
2023-10-09,2369.87
2023-10-10,2304.91
2023-10-11,2272.2
2023-10-12,2719.77
2023-10-13,2497.38
2023-10-14,2451.58
2023-10-15,2377.96
2023-10-16,2327.1
2023-10-17,2398.35
2023-10-18,2471.32
2023-10-19,2443.31
2023-10-20,2522.15
2023-10-21,2463.17
2023-10-22,2369.46
2023-10-23,2364.3
2023-10-24,2663.12
2023-10-25,2470.37
2023-10-26,2421.73
2023-10-27,2518.88
2023-10-28,2469.32
2023-10-29,2560.78
2023-10-30,2678.31
2023-10-31,2471.14
2023-11-01,2487.31
2023-11-02,2418.03
2023-11-03,2538.32
2023-11-04,2416.94
2023-11-05,2335.14
2023-11-06,2539.97
2023-11-07,2316.57
2023-11-08,2354.1
2023-11-09,2538.45
2023-11-10,2446.46
2023-11-11,2476.46
2023-11-12,2325.23
2023-11-13,2473.67
2023-11-14,2481.97
2023-11-15,2406.31
2023-11-16,2488.37
2023-11-17,2371.74
2023-11-18,2519.06
2023-11-19,2337.0
2023-11-20,2339.94
2023-11-21,2299.82
2023-11-22,2334.42
2023-11-23,2396.37
2023-11-24,2435.67
2023-11-25,2457.06
2023-11-26,2329.05
2023-11-27,2283.51
2023-11-28,2458.83
2023-11-29,2298.94
2023-11-30,2383.51
2023-12-01,2337.4
2023-12-02,2206.03
2023-12-03,2325.48
2023-12-04,2386.58
2023-12-05,2334.72
2023-12-06,2481.24
2023-12-07,2315.46
2023-12-08,2271.35
2023-12-09,2542.57
2023-12-10,2211.12
2023-12-11,2304.57
2023-12-12,2370.08
2023-12-13,2420.71
2023-12-14,2332.86
2023-12-15,2258.7
2023-12-16,2332.82
2023-12-17,2399.06
2023-12-18,2309.49
2023-12-19,2273.69
2023-12-20,2253.55
2023-12-21,2321.14
2023-12-22,2196.37
2023-12-23,2562.72
2023-12-24,2417.66
2023-12-25,2216.14
2023-12-26,2371.31
2023-12-27,2229.07
2023-12-28,2453.33
2023-12-29,2391.19
