Well_ID,Depth_m,N2,CO2,C1,C2,C3,iC4,nC4,iC5,nC5,C6,C7+,True_Compartment
Well-A-41,2576.102790250203,0.02082900158191231,0.010328355511432373,0.7430826458430353,0.08253353820407194,0.050327383904438194,0.02094707285469315,0.020821780560893156,0.010140838303084057,0.010228896130921651,0.010116171748840762,0.02064431535667706,Block_North
Well-B-02,2830.196816173365,0.00986875485197724,0.019108916331040015,0.5545498463734265,0.09783652501951441,0.08014990566488192,0.03946770483242007,0.039557100438129336,0.02973427592658112,0.02966250720267138,0.03970289689412592,0.060361566465232074,Block_Central
Well-C-09,3103.046368630896,0.010121368863503939,0.009769267699232573,0.3571653570707796,0.04990908470729817,0.050655103140684714,0.0293479764330379,0.029058923261733545,0.04064197395662037,0.04028889703538443,0.08834948676201862,0.29469256106970626,Block_South
Well-B-79,2926.8882159516597,0.010064754350078205,0.019713843826767156,0.562504824077468,0.09840768875105556,0.07770502123532054,0.03821775282173899,0.037989622664683836,0.028621683977260916,0.029716082558323174,0.03981187554579119,0.057246850191512454,Block_Central
Well-B-47,2809.3686390428607,0.00972662178324726,0.01989167867147894,0.5540707612297925,0.09834735904070056,0.07913018933344859,0.040660911936707726,0.03951155367042981,0.03102622015979355,0.029825217405155525,0.03793747288088752,0.059872013888357806,Block_Central
Well-B-88,2816.6497148186972,0.010350955661074319,0.020285564218743862,0.5484041136304153,0.10170071425681992,0.07970634278339284,0.0410623745550504,0.04041764360780785,0.030026200199333927,0.03036021929272508,0.03886053151728105,0.05882534027735532,Block_Central
Well-C-35,3175.0769649211056,0.009962270396987922,0.010097630460809635,0.34480994295267936,0.049265201249899936,0.050572038287638996,0.030106691277252875,0.03015578245216133,0.03957180600130619,0.03999619713262067,0.08873688287565584,0.30672555691298725,Block_South
Well-B-77,2898.7810773505084,0.009985452101645245,0.020203306202144822,0.5512289072599393,0.09969145674802679,0.07859846452928218,0.04036935514332112,0.03921965075058666,0.030788434704324498,0.03037742762280455,0.03925779769604295,0.060279747241881745,Block_Central
Well-A-53,2506.735060146877,0.019943121147651555,0.009863372957580715,0.7553339580818819,0.07574943814575265,0.04976734122960597,0.02011904100190733,0.019227647767349944,0.010133403091096385,0.009973852812327945,0.009824501234303515,0.020064322530542106,Block_North
Well-A-57,2504.574203381251,0.019884624783001667,0.010064608046862043,0.7512033906177832,0.07972022755902908,0.04881883702716157,0.020028304365728354,0.020588047297788993,0.010187554810114467,0.010236714708242297,0.009819175738149324,0.01944851504613898,Block_North
Well-C-12,3151.058075745956,0.01004598551427431,0.00970256773998451,0.3555549960251918,0.05039713389846419,0.050399920710592,0.03007317957011143,0.02982344116750397,0.04028390451162434,0.04021947369703525,0.08880196081033742,0.294697436354881,Block_South
Well-A-39,2577.984539515114,0.019774774293958294,0.009672601343739817,0.7543256720241954,0.07998938945842944,0.048057298506670065,0.01969451255531228,0.01956847658211994,0.009923964871834988,0.00947314270032541,0.00979209643958848,0.01972807122382591,Block_North
Well-B-08,2944.604327074827,0.009827202021916,0.019719317301225604,0.5504080048258059,0.100270006930878,0.07847501661851701,0.03967361105530808,0.041393605562679556,0.030798278018728236,0.03002949344632793,0.039723114564711164,0.059682349653902275,Block_Central
Well-B-35,2947.1109015375146,0.010135727866852877,0.019735512846188387,0.5454768179345005,0.10071768992110773,0.08008078604611109,0.04038294286262153,0.040580444246959,0.030722951636455664,0.030358024513057875,0.040928920897726345,0.06088018122841897,Block_Central
Well-C-70,3131.1879435763726,0.009920426899697734,0.010098213175366248,0.3574265079002925,0.05020293045567604,0.05069359581881796,0.0298306966198434,0.03002358328742688,0.04002389453236001,0.03958927157060846,0.09010636402341449,0.29208451571649635,Block_South
Well-C-55,3161.1463611225663,0.01037822604772666,0.010035262407113698,0.341410811344956,0.051302929464622414,0.050030915804727356,0.029681478029044906,0.030025248900658802,0.04039027025353033,0.040049557422977416,0.08719113416489614,0.3095041661597462,Block_South
Well-A-68,2577.040741780779,0.02016778531624298,0.010218940749772105,0.7567618859888958,0.07620334594157065,0.048182187586019644,0.019531885031120792,0.019789372530947508,0.009991913747008932,0.009745980461357091,0.009926466397596204,0.019480236249468246,Block_North
Well-B-81,2813.290707095452,0.009997397523546272,0.020078235967219835,0.5488248333576232,0.09893402399573643,0.08046017661142144,0.04044923548204136,0.03922045701598259,0.030919700204834605,0.030011840348485846,0.04010996010234953,0.060994139390758935,Block_Central
Well-A-42,2554.126657867611,0.02026645382555215,0.00974725488574725,0.7532639593117705,0.0787026552439509,0.04892803381651011,0.01984399452894531,0.01947481559977471,0.009833180102727877,0.00970506517338167,0.0103339982433926,0.019900589268247042,Block_North
Well-C-58,3184.810923501563,0.010020462345144816,0.00996766413013151,0.34966065191859363,0.0513302398787678,0.05070631958145861,0.02989902694775942,0.030346210998643392,0.03889383932878501,0.04003001652204139,0.09258985237666428,0.2965557159720103,Block_South
Well-C-32,3137.975152291932,0.010233809478318139,0.009918167955050445,0.34444452881026727,0.05076480561492532,0.04967778675553311,0.030679067219875445,0.030412935032192633,0.040603905666583416,0.038961978662045746,0.09231120032176873,0.30199181448343965,Block_South
Well-B-17,2841.3651352377037,0.010400177154962767,0.01982350219926686,0.5479703463903741,0.10131703127855263,0.08114074510059668,0.04063507519645241,0.0401998044844867,0.029089023978231862,0.030742089750682627,0.038782713447639734,0.0598994910187536,Block_Central
Well-A-12,2586.7294200959805,0.020015901453977955,0.010479328043007755,0.7430665275442015,0.0825038836517731,0.05319953054580764,0.019982814317608445,0.020155790727573612,0.010213660337593302,0.010090702705220118,0.009877215785211342,0.02041464488802533,Block_North
Well-A-33,2561.6926918375743,0.020371209451504578,0.009981803515972078,0.7507520231204498,0.07850441756871904,0.050050638642631005,0.019912047752189542,0.020156936979736337,0.00984816038705765,0.010117848489485305,0.010320807384612217,0.01998410670764264,Block_North
Well-A-29,2583.213417795774,0.020207675391633914,0.00995406243118529,0.7463224823539316,0.08171290135596644,0.050797353776816385,0.020314181455184366,0.020510860469973226,0.009998677083008303,0.010130793922100752,0.009932459544686889,0.020118552215512647,Block_North
Well-C-02,3142.998521412106,0.01015220499096387,0.010137796211026093,0.3424140153649386,0.05160616684571461,0.049695550361502014,0.03061178917169985,0.030744756975568308,0.04187624899585226,0.039699723808320764,0.08618610015068867,0.30687564712372495,Block_South
Well-C-17,3105.0243009822984,0.010075152617645813,0.010041291019008365,0.35269864019488595,0.051956403775267904,0.04833097388841757,0.031271287874532164,0.029476697176752057,0.04023862362160904,0.04010707241376565,0.09209375926459822,0.2937100981535172,Block_South
Well-C-36,3112.548629679915,0.010315222233171498,0.00973282740949489,0.3471337017219243,0.049017501269800194,0.04987297769229589,0.03026734093609125,0.029438929303949916,0.03967860875905704,0.03961223466848448,0.09133083785750526,0.3035998181482254,Block_South
Well-C-23,3102.497166211705,0.009780878070013824,0.009694918117729484,0.34727846490420416,0.05071752717476537,0.049672533729756045,0.03078280135348467,0.029012527804939944,0.039830024857795125,0.03884175873725332,0.09029114243985913,0.30409742281019897,Block_South
Well-A-09,2579.742602160693,0.0197539697323825,0.010085230636313256,0.7501602157682462,0.08140919264516712,0.04921292857399395,0.01983466954141393,0.019808935595758987,0.009690555984568356,0.010041876102701444,0.01003487519621695,0.019967550223237176,Block_North
Well-B-70,2802.147291650059,0.009946349779659799,0.019960508270871598,0.5504245025560167,0.1003656532871362,0.08104570563710588,0.03996794480032837,0.03945173222956291,0.03013220463601906,0.030862017632437184,0.03953785581588083,0.0583055253549814,Block_Central
Well-B-12,2930.4953739471525,0.009636594555513009,0.020907091507422794,0.5424766497413142,0.1014469240100977,0.07991946788414095,0.03981666174508956,0.04182404296928512,0.030369539402677514,0.030868749694770346,0.040836707914041946,0.06189757057564691,Block_Central
Well-B-66,2949.6731283522968,0.009797444156433048,0.019777755329441718,0.5563463355480994,0.09657268680672286,0.08064285697245477,0.04046117127231527,0.03932959540057655,0.02831227690688451,0.029207585590164366,0.04044530717246771,0.05910698484443985,Block_Central
Well-B-44,2865.872472495062,0.01030702675023468,0.01950420991198009,0.5534420067379029,0.09890519507770974,0.07945859515377221,0.04072502855137477,0.03991838135419327,0.029956841532604327,0.03027349807329184,0.03922858138360806,0.05828063547332822,Block_Central
Well-A-03,2582.468096592515,0.02021502713042692,0.009806256355102752,0.748798683116929,0.08093019136397946,0.04930760642355553,0.020339452309125608,0.019945251242012612,0.010034994691044208,0.009972410031389083,0.010467814648139024,0.020182312688295845,Block_North
Well-B-54,2871.5265202476726,0.009656581726640766,0.019544427458446537,0.5532939831309541,0.10216599080804006,0.0811950819224121,0.0389969824567393,0.03850016408771379,0.029619740783148385,0.02849184429097995,0.03963655995870042,0.05889864337622446,Block_Central
Well-B-74,2821.4275430951257,0.010209374887260514,0.019584935705445262,0.5513798512235466,0.1017212267846139,0.08062012102811764,0.04006141065641784,0.04070912300144591,0.028314271201327137,0.03033837564954464,0.03938800194391252,0.057673307918368104,Block_Central
Well-B-73,2911.071419793028,0.009950598068535649,0.019788208914978768,0.5562548291394074,0.09632674178890374,0.0779574993873979,0.03896750473070516,0.040574641456201474,0.0308850872973429,0.02980100875097262,0.039683414830652304,0.05981046563490222,Block_Central
Well-C-39,3167.7393129888874,0.010063217211234963,0.01010080748634138,0.34300071903595536,0.051067881775314974,0.051126317967904414,0.030291070957054907,0.031010800169157363,0.040168201779567314,0.04089502782786359,0.08913087217275181,0.30314508361685394,Block_South
Well-C-71,3133.997186379325,0.009978811874495779,0.010020388522791756,0.35091603139302624,0.05014565817271606,0.05032678986788551,0.03052332392473284,0.030762213635262416,0.03978737102846981,0.03934117763558427,0.08880998831350265,0.29938824563153255,Block_South
Well-C-75,3134.3386702177645,0.010022427088988406,0.00956072815311619,0.34610250157512684,0.05056097336530047,0.04967191527864032,0.028993921937346283,0.029801056568647684,0.04113209605312885,0.04076836938615942,0.08938598707734931,0.3040000235161963,Block_South
Well-B-03,2859.270661489648,0.010017018627796479,0.02023857523988596,0.5477941889002608,0.10265185721161327,0.07874258782676298,0.04134876068400095,0.03987915152592171,0.029076845518532582,0.03001009695488871,0.03936757470345186,0.06087334280688476,Block_Central
Well-A-28,2581.796702411906,0.01995480839123089,0.010077671998381573,0.7530998623076047,0.07801635089191213,0.049026787545543384,0.020129335700946126,0.02007502392047253,0.009912312345895725,0.009939727182130898,0.010169855940295307,0.019598263775586797,Block_North
Well-A-16,2568.0140771760302,0.01962747741963132,0.009893412145375702,0.7576970911612088,0.07748491579474685,0.047933277715632716,0.019120447808595634,0.019149143437133677,0.009718374397369018,0.009799794868447714,0.009787246361471475,0.019788818890387302,Block_North
Well-C-33,3180.1445776222954,0.010076198510852934,0.010180281629613168,0.3426693579177787,0.05117068250428356,0.04971091951140823,0.02962964004763904,0.029526287590932482,0.04150828880205766,0.040093660861471446,0.09416297737182042,0.30127170525214253,Block_South
Well-B-34,2929.836571843683,0.009911015472902181,0.02034219555675345,0.5435259906632846,0.10068790341893462,0.080490265795752,0.041126673805086444,0.04063462970828778,0.03017424465091034,0.030683112358240366,0.04137166000976853,0.06105230856007967,Block_Central
Well-A-74,2545.1387024329674,0.019907571889798942,0.009959367687526336,0.7488412119103569,0.08073045295032984,0.04975237950635321,0.020597991849294683,0.019733831963521336,0.010009123749415308,0.009958315834903688,0.010337418772406263,0.02017233388609366,Block_North
Well-C-26,3104.9614373338836,0.010061326894421485,0.009624999957838085,0.3441900155972233,0.05103589179394533,0.04886733964101651,0.02962950230207826,0.030183663427036968,0.04050115379574727,0.03967576907472869,0.08864965669329956,0.3075806808226645,Block_South
Well-B-80,2892.040617135619,0.010156095396012907,0.01976219184959578,0.5503730752102414,0.1029920899294528,0.08125163828467061,0.03969562170731841,0.0391986137010296,0.028644288917397377,0.02950195127061938,0.03974143867098943,0.05868299506267221,Block_Central
Well-B-50,2876.564873350635,0.009930107493206799,0.02032497454415035,0.546868050882143,0.10363760487758074,0.0795014827711672,0.040251084874639693,0.04081841524050161,0.029200733089367478,0.028994902447800258,0.038848325929346776,0.06162431785009617,Block_Central
Well-B-16,2919.131599382411,0.009874335144035833,0.020415299503469993,0.542938577673331,0.0995826218605159,0.08376071230632243,0.04018243057609463,0.04051166744286336,0.03077862331054539,0.030552103446511287,0.04045760558761155,0.06094602314869881,Block_Central
Well-A-77,2569.368222578149,0.020316703418162056,0.009656083824975327,0.7535087054757569,0.07848518352726179,0.049215343288984914,0.01997158647440796,0.01926315265772067,0.009928172049932134,0.009885616253112229,0.009949856426028815,0.019819596603657265,Block_North
Well-A-36,2525.980358106416,0.019490968407625806,0.009782670695328396,0.7560634602696916,0.07920760148870662,0.048020759994226586,0.019083348626928853,0.019623702370161963,0.009459704351398479,0.010072157455310492,0.00994545381597737,0.019250172524643776,Block_North
Well-C-28,3111.1592999957247,0.00962552583413741,0.009746152344642446,0.345475326602916,0.05106794211548211,0.05216231231398161,0.029822267838134502,0.02935677244978217,0.03970628067883785,0.039983759680619055,0.08782728458978166,0.3052263755516852,Block_South
Well-C-56,3167.849996829264,0.0102344034085376,0.010109982889250437,0.3413500716917769,0.049698612076066205,0.04989319118224687,0.030298375569995997,0.030340019523317076,0.039333598702467214,0.039985224390408684,0.09064091251875785,0.30811560804717514,Block_South
Well-A-01,2548.058657732665,0.01994715556788608,0.009848163544419919,0.750254748775884,0.08141027859836093,0.049146122735530304,0.019658455579542912,0.020374762979279436,0.010027047653599932,0.009782746425729617,0.009982632780161916,0.019567885359604915,Block_North
Well-A-50,2506.7837059105173,0.02009314354657264,0.010333717339270465,0.7450647979838327,0.08217229932578599,0.05228438991670581,0.019322825004657665,0.020003700373494544,0.010281145893676836,0.010122566093970454,0.010239285861656254,0.020082128660376734,Block_North
Well-A-43,2596.2992003858994,0.0197756245558763,0.010071067802391066,0.7504216867615845,0.0798706640965885,0.05075665238085368,0.020360158766025177,0.019843504855755083,0.009912663494529388,0.009972986142875404,0.009566471067374079,0.019448520076146857,Block_North
Well-B-86,2809.901476621036,0.010337233160768818,0.019886899372856766,0.5507940833185988,0.0971792819748132,0.07915547042991576,0.041002318893145234,0.04152584612671127,0.029424761102736154,0.029812068581424246,0.04020483101061633,0.060677206028413574,Block_Central
Well-B-65,2801.3294927670204,0.009741321631960715,0.020076108915205195,0.5453549861905848,0.10149012800899604,0.0815132291056245,0.04187306170897588,0.04027270725226425,0.03005294723106266,0.029974472201524646,0.03952999012555804,0.06012104762824332,Block_Central
Well-B-26,2856.29948618794,0.01020431329676081,0.019643525164173704,0.5506280342505133,0.09789534162960974,0.08306402070967993,0.03887757925359371,0.04007022761728771,0.030246186571026738,0.030114782407827907,0.039675889001781206,0.059580100097745316,Block_Central
Well-A-24,2512.8869867473445,0.020548667494808485,0.009760574385562007,0.7476733227019666,0.08257227671145813,0.04961996765312921,0.02031164411330934,0.02044484950918147,0.009879849851861435,0.010054483971642224,0.009413905883264257,0.019720457723816927,Block_North
Well-B-55,2903.158306364584,0.009900523714317247,0.01934986648904718,0.5552979879617785,0.09887199283752543,0.078078693841387,0.0376783324094086,0.03995269013872243,0.03104369417333786,0.030977140885429803,0.0396092425276087,0.05923983502143717,Block_Central
Well-A-75,2516.362382119167,0.020284192221202025,0.009641785710255119,0.7492575365347062,0.08091065979996624,0.04976689969189721,0.02029756182915803,0.01966844118143076,0.010217121239236933,0.01039391101840428,0.009864916044492272,0.01969697472925097,Block_North
Well-A-48,2593.7228487236453,0.019454986814586846,0.009941179538157503,0.7552924779438104,0.0767216802582787,0.05014643858634426,0.019579970134683558,0.020069385262530246,0.009770016047609076,0.009563327450734125,0.009598516850389153,0.019862021112876226,Block_North
Well-A-32,2528.7038133174915,0.02027294869567243,0.010136732453812452,0.7488778124310861,0.07993824936880539,0.05067063285840941,0.01959033163864433,0.0196067217309909,0.00994236796097396,0.010044249214624464,0.010150035800684623,0.02076991784629602,Block_North
Well-B-05,2871.331905623024,0.009855955828510862,0.019256627463685994,0.5584169749280806,0.10029623350344827,0.07850485286219983,0.039447864414838725,0.03959098081520803,0.02836251610638897,0.029423817332739487,0.03888889675953824,0.05795527998536098,Block_Central
Well-C-72,3107.8939402946557,0.010088696827184478,0.010003742293203076,0.3463891337048763,0.05033761525938368,0.05098537677225472,0.03084336353743659,0.03014081405032891,0.04030514330624887,0.039887598973586326,0.09138438123559213,0.29963413403990496,Block_South
Well-B-76,2915.338417316146,0.009842671089226323,0.020892406191100093,0.5486963313518095,0.10036183935697021,0.08097550943318263,0.04008098052730333,0.041403660664314355,0.029660524013178976,0.03015144272654425,0.039451397996245155,0.058483236650125316,Block_Central
Well-A-71,2527.3626666281666,0.020061491503571074,0.009779477642741227,0.7511881163816019,0.0806650209465505,0.050068725771213185,0.019160256335924015,0.019493806788398568,0.009841779058209163,0.009876017880342708,0.010013520067727575,0.019851787623720266,Block_North
Well-B-20,2822.3193954107674,0.010074330526503276,0.020089456345275303,0.5393611802745552,0.10116961801874973,0.07981395183402051,0.042337869157157974,0.041819571814971104,0.030320640549793533,0.03212873447244688,0.04179657416342121,0.06108807284310528,Block_Central
Well-A-63,2575.826319592902,0.02014459212741266,0.01027870636907539,0.7447707016344758,0.08259385654730056,0.050650764512127466,0.020205544230435087,0.02064763415023074,0.010269522549824935,0.01010559266499528,0.010415096912119079,0.01991798830200307,Block_North
Well-A-19,2515.8605105293072,0.0198794264610605,0.0097012033983572,0.7499398871339921,0.08031604993768668,0.05071604570925672,0.02027480266342368,0.01930920164566114,0.009741937677239453,0.010030422127373385,0.010030174059253513,0.020060849186695786,Block_North
Well-C-45,3182.6858560972755,0.009973961316781363,0.009586158852119303,0.34881491689033933,0.04915691444181591,0.04935290794076726,0.030770183608607567,0.02915513882236757,0.040524138555708446,0.03965312142659786,0.08921809264417176,0.3037944655007236,Block_South
Well-C-43,3106.616518883444,0.00979347413838176,0.009952842327501451,0.3528425058503147,0.0495183125413265,0.05079358979350822,0.03124645353952612,0.02936687696432064,0.03868239325001412,0.04002291034452757,0.09079937392511107,0.29698126732546787,Block_South
Well-A-07,2526.702827016942,0.019861664627764657,0.010144761162184776,0.7512814409844117,0.07853471221770307,0.050085190297994096,0.020502151205151194,0.019876058880620422,0.010256367835315576,0.009424079910007788,0.010108634312585742,0.019924938566260934,Block_North
Well-C-27,3172.4598286847627,0.010293078438701446,0.010141873678061306,0.348743864029857,0.04893169189459954,0.04890963045291955,0.030153262090135302,0.030091122792339726,0.04090389935849745,0.04030615719667517,0.08683299056605347,0.3046924295021601,Block_South
Well-C-60,3188.4855117696006,0.010205932564026545,0.009868255609231524,0.3559752743950454,0.048907186506725306,0.05088933225918208,0.03010256221106121,0.030331405223447815,0.03905882184488126,0.03928323761945532,0.0910733728435898,0.29430461892335363,Block_South
Well-B-90,2942.1532038946707,0.009826547437282994,0.019055021457150215,0.553773042937258,0.09707375442283471,0.07974143843854653,0.041326876064497683,0.03895120962603261,0.02825457728376467,0.02959040328021182,0.04055458910348241,0.061852539948938266,Block_Central
Well-C-19,3155.1159961916374,0.010138339705597483,0.009735956257207619,0.34311502064582816,0.05044448370472739,0.05145563375273344,0.03019665323300746,0.029795672360667196,0.03997730445681799,0.03897809823667702,0.09103773540102543,0.3051251022457108,Block_South
Well-A-04,2534.780920790219,0.01998890398199179,0.010378417005525073,0.7470854125671875,0.08202478245254356,0.04905131938981521,0.019878437117759083,0.02050129363554405,0.010361247460134287,0.010245440929030705,0.010186829586575123,0.02029791587389354,Block_North
Well-C-01,3148.726535410005,0.009610013485934826,0.010030901851392625,0.34959868520905285,0.0491253331819436,0.050599939144304565,0.03052676266826543,0.02900147240960411,0.039343706712765485,0.0393385786662033,0.0882047924823336,0.30461981418819967,Block_South
Well-A-64,2502.45869164588,0.020354473777420536,0.01017264563546284,0.7493364158893127,0.08095173526968588,0.04900916670261966,0.02047836832756075,0.020032428345437885,0.009948289256939576,0.010264314066221072,0.00991177118095119,0.01954039154838796,Block_North
Well-C-79,3137.2508931553466,0.009876381222567752,0.010236643994376312,0.35635436832397277,0.05018425698273734,0.04964822375548911,0.02975979142847586,0.03062113601864316,0.041389010923495055,0.03988119593307314,0.09172447061084808,0.2903245208063214,Block_South
Well-C-50,3103.010387221132,0.009875980417303747,0.010419589789510356,0.35081686583555577,0.04831747190983801,0.0491252180710605,0.030420857154207472,0.031057077927570346,0.038488330207013734,0.03825465199047194,0.09278222894785051,0.30044172774961747,Block_South
Well-B-18,2931.5635871527284,0.009787271019667131,0.019848862821634016,0.550138485042154,0.10001046174996445,0.08016826025356741,0.041031572932719126,0.04010926208375664,0.02966596180042415,0.030386353860907184,0.04069431242416241,0.05815919601104337,Block_Central
Well-A-20,2588.087075919893,0.021102626908710585,0.009908305533894806,0.7514206338293196,0.07986694520090391,0.04962038982966538,0.01946936222486764,0.019890311226212806,0.009645032614991587,0.00975005186983587,0.009701354700568227,0.019624986061029633,Block_North
Well-C-47,3177.5244051834948,0.010081499739740716,0.0100945602184426,0.35332092421546607,0.04967176229257706,0.04980107305093851,0.03015224340385106,0.030007265382600547,0.038168249190143125,0.03975750511740245,0.08833714256368032,0.30060777482515777,Block_South
Well-C-76,3183.4571790255627,0.009927281979554383,0.009659793347107178,0.3435489269746572,0.0515659190755966,0.049728929273276094,0.029855724104760766,0.029821849583961082,0.041525749561204334,0.04130319434322345,0.09399932835609545,0.2990633034005635,Block_South
Well-C-42,3138.7322517975313,0.010199492941394123,0.00978996617158327,0.34833045355151987,0.05001929800937516,0.049991878507850494,0.029759759382804705,0.0301559902577831,0.040001622173005326,0.03863878183959207,0.09069345775131918,0.30241929941377277,Block_South
Well-C-69,3199.0108846086864,0.009878239187658584,0.00994105090528244,0.34847345890672543,0.04940530119340212,0.05005011876337292,0.029459738267076045,0.029236983232791867,0.0403812562649202,0.04038669520623318,0.08829659336526283,0.3044905647072743,Block_South
Well-B-59,2844.909338255752,0.009833075343868217,0.01963594779435136,0.5510850255002261,0.10208956362904255,0.07821554800866837,0.039968025075568465,0.040261138029361876,0.030354105008259424,0.030044736018135326,0.039625755305303316,0.058887080287215184,Block_Central
Well-A-23,2582.5816750564763,0.020558339664953063,0.010352596138869968,0.7449072874261821,0.08086648453807907,0.050398631455663784,0.02008684040187009,0.021071419844217943,0.01025881591748221,0.009919765914418536,0.010363201312560274,0.021216617385702966,Block_North
Well-A-49,2568.788572230081,0.019980106986891503,0.009758679093297477,0.7549020701596451,0.07686536675219359,0.04962647117001875,0.019395433710901876,0.019617728572596024,0.009947850187933921,0.009767405681752633,0.009861991263426757,0.020276896421342415,Block_North
Well-A-58,2587.1536806152376,0.019662186250527236,0.009866872330936263,0.755367940603023,0.07617818500577149,0.0507869474634112,0.01964948359637167,0.019543484242261627,0.009656384214543153,0.009529686322101553,0.010018149502061004,0.01974068046899192,Block_North
Well-B-06,2881.4536875936496,0.009845097907147715,0.020513458593196213,0.551521116624943,0.09787657915745038,0.08011312105984406,0.04071141474316003,0.0403354062497221,0.029737703273246662,0.02931797016648077,0.040156075470797005,0.059872056754012096,Block_Central
Well-A-69,2568.3295376606507,0.02010016181661402,0.009888276898921248,0.7489987361232017,0.07919571268720009,0.049879690400419216,0.020777849729130424,0.019962650716899188,0.010710183318421291,0.010274904343253167,0.010212131269825012,0.019999702696114584,Block_North
Well-C-52,3166.7867906700812,0.009900356141362676,0.00978302682934483,0.3539136505870118,0.05076603108301477,0.04967494572747905,0.029968385072106245,0.029077908547179038,0.039688006295525345,0.039887221247616816,0.09454530694968412,0.2927951615196753,Block_South
Well-A-60,2596.887785528569,0.019938670450877362,0.010196021782772397,0.7540473473058279,0.07823640549507825,0.04807415273289248,0.020676949436199882,0.019688144951158684,0.00983516643167472,0.009827683093403889,0.009871380336703452,0.0196080779834111,Block_North
Well-B-46,2933.9635307793124,0.009858040944574807,0.019507767517386813,0.556477073027271,0.09898897369523643,0.07957372163884299,0.03973040034210141,0.04013081278327047,0.029514390410360494,0.02864517842523093,0.03952400118779874,0.05804964002792603,Block_Central
Well-B-61,2920.665581151926,0.01005401682051706,0.02073680863679488,0.5478308632381046,0.09929636928075534,0.0799480168806314,0.03959411719551011,0.04046274347126407,0.031256457029559315,0.030468396353511895,0.04015999638192144,0.06019221471142994,Block_Central
Well-B-37,2924.1278383159456,0.00994226611504353,0.020009723215841397,0.5493184109023957,0.10100060665996023,0.08078463419625143,0.040265466090584325,0.04061486219796073,0.03091634503978637,0.030770738599766836,0.03906728391996919,0.05730966306244037,Block_Central
Well-C-51,3196.149232457411,0.01006615473424061,0.010353586799708043,0.33964128568761726,0.05122371509877382,0.05155607890830544,0.031300250578841726,0.030108970189913695,0.04104642846511115,0.04021779797192085,0.09266737256193895,0.30181835900362863,Block_South
Well-A-54,2558.217046017627,0.020841150283542408,0.010004151073483875,0.7513034499814235,0.0790105390371738,0.0489923570910989,0.020266857196582125,0.01959445506667166,0.00998216189443936,0.009872669818561004,0.010063383008622284,0.020068825548401045,Block_North
Well-C-48,3123.4425600011514,0.010633938040942512,0.010108560180533325,0.34901593359682154,0.05109905021683418,0.050658408134462915,0.030357358117486275,0.03046980181576814,0.041790193673815784,0.039231372217628874,0.09116877744464595,0.29546660656106044,Block_South
Well-B-84,2861.1314546548647,0.010235275763214582,0.020503287322091314,0.5453643083245998,0.10330416186885809,0.08000203481684459,0.04043418673550993,0.04041137464411015,0.030070556518722872,0.030640491355440624,0.0408400628382805,0.05819425981232771,Block_Central
Well-A-72,2599.712450015771,0.01925374094810804,0.009966240031447875,0.7508861623986278,0.08001413714713704,0.0505241487151552,0.020111992073967386,0.019963728683514974,0.00987714884966621,0.00956245681390265,0.00997601639740517,0.01986422794106777,Block_North
Well-A-14,2583.7013328363673,0.019895639335507247,0.00996273584398407,0.7549647832725385,0.07732821518959719,0.04824736995060231,0.020029364581050733,0.019940180684451636,0.009960874527851007,0.009979895222744995,0.009776423226895549,0.01991451816477683,Block_North
Well-A-35,2563.181352701667,0.02055980267669338,0.009704236363542004,0.7520573228071126,0.07913301245887025,0.051435597957834894,0.019392329152833718,0.01937994137327183,0.009737341917206373,0.00943684747943139,0.009751856611639322,0.019411711201564073,Block_North
Well-A-06,2556.573196399579,0.020432776292245797,0.009861241150335136,0.7475666807326953,0.08076823859873611,0.051126336679628986,0.0198669256346771,0.019984679039972524,0.009807659627321705,0.009789632127161732,0.01019256702899224,0.020603263088233483,Block_North
Well-A-45,2563.2621893133946,0.01988098098463463,0.009806069055528102,0.7471987968486341,0.07899876054330159,0.05216871086674135,0.020542281650218486,0.02018312128251017,0.0103919165821907,0.010108787855416171,0.009919308268052505,0.02080126606277207,Block_North
Well-A-78,2522.076961278876,0.02115666648467446,0.009954579130206751,0.7482078998410362,0.07966018649453824,0.04985584284589124,0.019909300577332437,0.02064593944822617,0.010369652408306243,0.009968089329964873,0.009915332218120675,0.020356511221702664,Block_North
Well-C-57,3131.7549700257587,0.010098976985009413,0.010115817105394453,0.34913739711437297,0.05119791899447718,0.050201359705209614,0.029361457755660472,0.030714515476399674,0.040390647165491574,0.03948166283678643,0.0887684045152655,0.3005318423459326,Block_South
Well-B-01,2893.0990719736874,0.009672482626064453,0.020199755092048282,0.5530663762766,0.0990697598838701,0.08234627731138135,0.03885687290538864,0.03849519253392364,0.029367896697539187,0.029752846075182644,0.03989990675440712,0.059272633843594505,Block_Central
Well-B-48,2932.519714447909,0.010008891197022802,0.020378791250335766,0.5536798006558484,0.0990566285037257,0.0775195660698263,0.03956657486945367,0.03905680686466506,0.029453520700695682,0.030150293877353528,0.041059671426672766,0.06006945458440051,Block_Central
Well-B-40,2943.40707154179,0.009666482560391177,0.01961316963232383,0.5597629566760349,0.09570615522724944,0.07618443019719957,0.04052066959533404,0.039197700992018525,0.029126822719443047,0.03013586684822172,0.03888572029437838,0.06120002525740516,Block_Central
Well-A-13,2570.8362976715034,0.019829100959212972,0.01022571592077528,0.745762290001264,0.08355022253424739,0.049855424008996806,0.020129040236759616,0.020589166214563696,0.00988040088264459,0.010175850617711233,0.010394589353491624,0.019608199270332957,Block_North
Well-B-67,2901.523194828609,0.009697655959309763,0.01959105426285888,0.553398574570889,0.1000362962860454,0.07878511754388111,0.039291314854659934,0.039271576457743686,0.02913862065387983,0.030645369052901047,0.039326545693718275,0.06081787466411315,Block_Central
Well-C-64,3196.3360320446036,0.009604025494608487,0.00998557836735831,0.354375433868367,0.04969585649705448,0.05039037212411111,0.030779417121775395,0.030194414236530465,0.03964819368180234,0.04027608758980582,0.0890230558624137,0.296027565156173,Block_South
Well-C-44,3101.9155485551255,0.010229265128058683,0.009674222709280084,0.3527336349704109,0.04909948746910727,0.051410855409402115,0.031009418102904567,0.029363790539906634,0.03932436422769241,0.04044495544832112,0.08877044312138926,0.2979395628735271,Block_South
Well-A-17,2561.8611378215182,0.01998687938121539,0.010281282270964925,0.7453469102443007,0.08427501827367975,0.05057930281113748,0.01963913436936668,0.019553718690710924,0.010087247804184076,0.009946190067485624,0.010133511011852772,0.020170805075101942,Block_North
Well-C-03,3159.6910690546656,0.01025075630461484,0.010139628748619156,0.34775804306268904,0.048985826676787574,0.05027087768032607,0.02910540179566793,0.029966162350705067,0.03997792723222418,0.04041703502038569,0.09396505264017864,0.2991632884878019,Block_South
Well-A-62,2513.008624013063,0.019346864898705442,0.010022754780787508,0.7512713448794694,0.07846265871031219,0.0496746450031835,0.019735530818473856,0.020891195712057824,0.010280778185383935,0.010348571017015069,0.010237583480430622,0.0197280725141806,Block_North
Well-A-08,2587.862998635516,0.020484120772060067,0.010322587364271813,0.7420569372592387,0.08206727461664663,0.051886346763777354,0.02121646555712567,0.02039375221349477,0.010137068741295517,0.010200279035407654,0.010492318065872556,0.02074284961080922,Block_North
Well-A-80,2568.0499302074713,0.02107864650377321,0.010096119852285057,0.7477657334002703,0.07881977406965175,0.04991930518575736,0.02025052704133618,0.020991249423188953,0.010027087845929263,0.01017732463947517,0.010128648426891623,0.020745583611441173,Block_North
Well-B-29,2914.2697287066544,0.010020808273033848,0.019327592889003986,0.5522097339988027,0.10140447077998017,0.07661163693695743,0.040195159784118195,0.04087628594423941,0.029198605523146483,0.03092346703305673,0.040231036832023254,0.059001202005637826,Block_Central
Well-B-19,2941.6063140738097,0.010122384868049476,0.02028629072049683,0.5468837424893983,0.10278090900214017,0.07978280659517324,0.04011197222738114,0.039872985022232486,0.030017961781774613,0.029350657802670873,0.03885911082076978,0.061931178669913066,Block_Central
Well-C-18,3103.491155265622,0.010166350657491274,0.010481066240331132,0.3429512655410618,0.050557291267736164,0.049699365229988884,0.030477121245584198,0.030231290233518584,0.03977600848346431,0.04068611290243815,0.09393076567603845,0.3010433625223471,Block_South
Well-B-56,2908.4060436547343,0.010038512507741305,0.019493372998216435,0.5502914347043916,0.10097648285607422,0.08151451545733404,0.03970139832570419,0.0396190358309123,0.029311905835456675,0.029342399367934632,0.03960089156616109,0.0601100505500734,Block_Central
Well-A-79,2508.2381045615844,0.019722801503514808,0.010097756919151978,0.7508999999053291,0.07735396118793016,0.05140075427443685,0.0206593678612006,0.019698644214925842,0.009894211373170227,0.01002854124687829,0.010038231859696772,0.020205729653765273,Block_North
Well-A-65,2502.2123551529,0.019738216462440897,0.010309691106117017,0.7444032705028341,0.08434981406989711,0.04881045815317162,0.021063683817410077,0.0204584428097928,0.010166529103780396,0.010075218503360106,0.010267545808366979,0.020357129662829043,Block_North
Well-C-78,3118.5733072005187,0.0101193958326615,0.009733558860176022,0.3499092514360238,0.050979816049715784,0.04925670971628218,0.029431763440934747,0.029722840286793704,0.04075340790270097,0.03996858002399262,0.08862979601229082,0.30149488043842787,Block_South
Well-C-77,3193.5484513527495,0.01003188343883478,0.009670411603625534,0.359362695900942,0.04869997624850722,0.050080781802650076,0.029262157446547796,0.029566392719855925,0.039223678627239474,0.03940669139456836,0.08878847509726812,0.2959068557199606,Block_South
Well-B-21,2869.401340759809,0.009607488507727632,0.02115277239728008,0.5407580094532473,0.09780220286208727,0.08255875808505397,0.04242593813187245,0.04157201129892914,0.03068122724069584,0.030699943539931107,0.04114252572310772,0.06159912276006749,Block_Central
Well-B-87,2852.323080095422,0.009891778770723449,0.020279716866087705,0.5477613981161317,0.10051677059975639,0.08131549200516787,0.04022349902454458,0.0398673189021336,0.0300976250194182,0.030110442709613248,0.03992070862731692,0.06001524935910637,Block_Central
Well-A-22,2502.924728303456,0.020218322436156604,0.01007475971404854,0.7450808090891174,0.08397749298152392,0.050966004461127756,0.01931580129811916,0.020206242012334185,0.009932360203176591,0.010237190382431418,0.009906041862809295,0.020084975559155043,Block_North
Well-C-30,3128.104975016689,0.01034217779431942,0.010005923432363078,0.3549310086061744,0.04894274731475639,0.04964784476893342,0.03043874686589235,0.03053095037493379,0.03979283449687656,0.039970853951926365,0.08732929369063329,0.2980676187031909,Block_South
Well-C-61,3173.906697593937,0.010105917838283742,0.009739367465547625,0.35640544468364616,0.04883162890092954,0.05061880003713242,0.03041533649875146,0.029620851097789825,0.04051885261685224,0.040261246745914955,0.08914720117959321,0.2943353529355587,Block_South
Well-B-85,2861.065973368844,0.01013788682311101,0.019103264293688728,0.5546298741901069,0.10102785609599119,0.0773165380723585,0.03919586920085084,0.038646619761217055,0.02951302913273342,0.02945783078351361,0.04013683434618229,0.06083439730024624,Block_Central
Well-A-52,2570.8172088645283,0.020900402132587894,0.010208533654400645,0.7476222466222997,0.08219819294623422,0.04975915457859516,0.01924944347761906,0.019662848132577376,0.009658301114791644,0.009963181440217506,0.010037417303836473,0.020740278596840238,Block_North
Well-C-73,3144.279813654374,0.01016555264684328,0.009691378281132316,0.3492321652379111,0.05055437313857305,0.0504365098476843,0.031775005679567585,0.030361986594811704,0.03939411177548367,0.04012464385322548,0.08723980800283378,0.30102446494193374,Block_South
Well-B-23,2872.511115395972,0.01031849710040186,0.01962828633798629,0.546252071001383,0.10323047477448005,0.0794664231517919,0.04034752228652036,0.04097547607828503,0.029808506798362163,0.030461268537721103,0.039448257545868844,0.06006321638719932,Block_Central
Well-B-14,2918.576469141233,0.010333138706381802,0.01999370342741921,0.5503518355455744,0.1012549780034164,0.07974758746222237,0.03947867229019562,0.03952843025113407,0.029720581039557617,0.02974104563610105,0.0402617792098554,0.05958824842814219,Block_Central
Well-C-40,3156.5781554840996,0.009953095096324376,0.010032931004602908,0.34699376953069,0.04980830535926005,0.05076466880992334,0.029702029435708217,0.029000989328636227,0.041349672211762056,0.0410555239990036,0.08756805068790578,0.3037709645361836,Block_South
Well-B-45,2927.0453281310593,0.009604466175555524,0.018847337568529705,0.5617068176157307,0.09593008904936311,0.0781283092497618,0.03902055385258337,0.039479023821924274,0.029908454315582682,0.029934784600943478,0.03878021132609659,0.05865995242392879,Block_Central
Well-B-43,2928.094295043313,0.010133032549611752,0.020081263441303596,0.5552517852391633,0.09748483613842593,0.07693466476151062,0.04078206591956308,0.03933769481021305,0.029545940806271417,0.030483722195981503,0.040033672114618835,0.05993132202333693,Block_Central
Well-B-10,2908.321485318386,0.010201434605830966,0.02065740173481804,0.5445260516531875,0.10207746171689776,0.07987586454168114,0.03983072112477036,0.040675089994766565,0.030367623821497127,0.02903144068212299,0.04114902335871075,0.061607886765716664,Block_Central
Well-C-74,3126.104852623485,0.00981899990484154,0.010168177482218316,0.3456467031291636,0.04981024154092626,0.049292208746972814,0.030997886125854766,0.02976363833702889,0.04140536969453708,0.040591837629386465,0.09073475627647598,0.30177018113259424,Block_South
Well-C-04,3199.955770325044,0.010035024957954346,0.010133039147611853,0.342283162516003,0.04998680776723714,0.05027618381769178,0.03009587457349141,0.030507350605965336,0.03988586859390839,0.041462119705330924,0.09124440025951285,0.30409016805529304,Block_South
Well-A-11,2585.0581729094242,0.019147327439760557,0.009950439353554635,0.7475783510792837,0.08356948444702181,0.049587084071787975,0.020031522114441928,0.019897614069960757,0.009723018052604091,0.01018327109533819,0.010105439321538937,0.020226448954707613,Block_North
Well-A-30,2550.7467733760836,0.01975912524882558,0.009924560430776367,0.7517437179583404,0.0779459976024816,0.05159930606040894,0.019412091758216215,0.019329611444773437,0.010134774612896946,0.010062178701056131,0.01002898730155966,0.02005964888066484,Block_North
Well-A-51,2530.0963566946816,0.019681757628699316,0.009793278839529176,0.7539981429227599,0.078990830480209,0.04945098575330261,0.01948588280727791,0.019456124644330542,0.00973887801267307,0.009901366784063302,0.009741151983580188,0.019761600143574712,Block_North
Well-B-89,2921.2352815013833,0.009552748768040124,0.019628824400946522,0.5569045358524698,0.10223163575233088,0.07929055230745993,0.03953785506466257,0.037735661915962525,0.029040651926553834,0.02889672678235978,0.038659665816972055,0.05852114141224184,Block_Central
Well-A-02,2559.2407784659517,0.02048351788420039,0.0103880821056521,0.7456846385347313,0.07985126289492354,0.05110897276324254,0.020257279351264864,0.02080605568508562,0.010150309692836089,0.010046044295540315,0.010641092840730436,0.020582743951792864,Block_North
Well-A-59,2597.3488969177397,0.019577943501322574,0.009787943241784792,0.7485545221952377,0.08306896917973183,0.04998019547116948,0.019492259599736675,0.019997644207114463,0.009993399989089257,0.009506230110336987,0.010037296328425992,0.020003596176050267,Block_North
Well-C-63,3128.1616042105634,0.00995707748601181,0.00956154283051066,0.3504830874055214,0.0499266481967051,0.048319571979396334,0.02944902332274604,0.029570222375826904,0.03935184345706228,0.03972145171041839,0.09132200957983366,0.30233752165596744,Block_South
Well-B-13,2819.5978515735196,0.0099410377486626,0.01934218646521927,0.5567959125435691,0.09827768936133914,0.07693425099017957,0.03936319916860917,0.0408948473828686,0.030283709395491215,0.02956972336289246,0.03942581695653521,0.05917162662463388,Block_Central
Well-B-22,2947.1481067244026,0.010090765274339277,0.020110491349942486,0.5511974762066401,0.09883023252878942,0.07982404922231458,0.03877832008992149,0.04005839379420657,0.029507810509039178,0.029438574682766748,0.04028174504465684,0.061882141297383585,Block_Central
Well-A-56,2562.0915517767476,0.021148576361360503,0.010034007129746163,0.7453521320667554,0.07863333893969635,0.05248338917097772,0.02065022913115913,0.020360804187429436,0.010248799480432875,0.009962318516568303,0.010690261158163147,0.020436143857710944,Block_North
Well-A-37,2563.400570309961,0.019360577443010635,0.010295145619852914,0.7500574730731411,0.08217503464302124,0.04852043215301303,0.019807138365140642,0.02004955972526883,0.010033147048633536,0.00993350195109974,0.010148594208207433,0.019619395769611,Block_North
Well-A-55,2534.5883056952957,0.020514835448293054,0.00994639309638633,0.749599216801792,0.0788174819508136,0.04979800997480208,0.020249448368255495,0.020402066213587432,0.009863560269878389,0.010223666696222615,0.01032134837578555,0.02026397280418344,Block_North
Well-C-15,3150.985400955046,0.010361641572619394,0.010215364304712395,0.3457337348410563,0.05076243995534172,0.051016741575623546,0.030999156136203264,0.03126610431127817,0.03959030942781536,0.039755376467319775,0.08863724389638153,0.3016618875116484,Block_South
Well-C-54,3126.5496407429073,0.009967369244912004,0.0098478621560299,0.3498348967545276,0.051278417020602866,0.04958232180497468,0.02999827894311806,0.03005883500585931,0.04071127891706169,0.038233042273912374,0.08897904662156401,0.3015086512574376,Block_South
Well-A-61,2574.9651831742926,0.019809848629754757,0.009910295587509518,0.7509990885075414,0.07928787029832546,0.04938516103359998,0.020082426465139223,0.019937576025635763,0.010321281591545373,0.009488636615077475,0.01023862031963151,0.020539194926239714,Block_North
Well-C-29,3160.831950000777,0.00995657989792166,0.01000963777538094,0.3515041096948112,0.04997271037854312,0.05038634879147437,0.029365871287589856,0.02940092725943598,0.03877161341934779,0.03999237241146762,0.09058838216001812,0.3000514469240092,Block_South
Well-B-58,2820.165269411218,0.010176930983467761,0.019516399594391387,0.5481523919229306,0.10233002375205555,0.07856240861207488,0.040528520377134114,0.03919877309542828,0.030500870588578737,0.03019742893880662,0.03899042336175289,0.061845828773379304,Block_Central
Well-A-40,2510.698063882696,0.0199122867110173,0.010074912455074015,0.7423690966948813,0.08210812229027922,0.05233602065556103,0.021258352062046505,0.02066881589426452,0.01065523355206453,0.010034287550924672,0.009967568071415299,0.020615304062471723,Block_North
Well-B-71,2910.6804277842293,0.010450141694507146,0.020398311845581094,0.5378732368643994,0.10397047813492132,0.08091447565538079,0.040821036323496714,0.0411666109143018,0.03078817024,0.031106509105988372,0.0405388986155215,0.06197213060590203,Block_Central
Well-C-59,3194.716146290025,0.009871157532120521,0.009910428396353558,0.3437895091141201,0.0494189198827353,0.04983488811977693,0.029277327307569274,0.030133567543249782,0.04089035274488417,0.03943633327008426,0.09311850219629154,0.30431901389281474,Block_South
Well-C-24,3144.9038767930124,0.009896626961541352,0.009460783020868798,0.35071150460425915,0.050338972991690725,0.05030659208332233,0.030681880668990698,0.029300462060674347,0.04046558287472987,0.04087462158806036,0.08663029379927266,0.30133267934658975,Block_South
Well-A-18,2575.2716639557643,0.020445102055578715,0.010064082311362558,0.7445474140754893,0.08116831272031896,0.05206404853732744,0.020562596455367704,0.019964797215724264,0.010272921358667654,0.010316356139316949,0.01005649354272937,0.02053787558811723,Block_North
Well-B-11,2880.0079943148044,0.009813942847645928,0.02003391077242589,0.5520063709685065,0.09990096228135713,0.07863121171303428,0.03921915027467134,0.039732815847609154,0.030514144490418588,0.030138996839562334,0.03945847131900992,0.06055002264575904,Block_Central
Well-A-47,2510.2509727990678,0.019778906913643854,0.009835090483681934,0.7513304598233579,0.07873363135130085,0.05031081067451487,0.019995943322511225,0.019920398753925317,0.009826368909713543,0.00989258048371618,0.010159226869662887,0.02021658241397141,Block_North
Well-B-28,2830.483463662913,0.009756135757454619,0.01995525444590921,0.5602661460480339,0.09790558079900642,0.07860155881350483,0.03900237147767356,0.038660575475805446,0.029211766691122458,0.02887161131918022,0.03948835059678873,0.0582806485755205,Block_Central
Well-C-31,3117.349605035502,0.010273194164011394,0.010209569445482049,0.3568082793662648,0.050517505566927655,0.05047439589419632,0.029880464799929406,0.03070357556014614,0.040713739044306425,0.040771106925379774,0.08988536864470557,0.28976280058865034,Block_South
Well-B-27,2842.8675333288807,0.009838503274443714,0.01960197953037396,0.5510662602454469,0.10264473995934444,0.07776230701249152,0.03824235912887254,0.03925013591543587,0.03101116565296775,0.029015668148576767,0.04060854717784353,0.060958333954203074,Block_Central
Well-C-49,3134.5083745513234,0.010178289019757232,0.009881490029585284,0.3493847071865989,0.050035190434423976,0.05131454201811981,0.030754079148317258,0.029446947732377098,0.04031003224599069,0.03969435702517203,0.08831767268788762,0.30068269247177015,Block_South
Well-A-70,2544.5902706376746,0.02013674216860602,0.009814985749673447,0.7465146596321105,0.08350157016591332,0.04955111602803668,0.020315057867156736,0.019579316742236657,0.009922351131693158,0.01028095554782287,0.009804792483558375,0.02057845248319238,Block_North
Well-B-53,2802.8674141644647,0.009835952192596083,0.01921298369916046,0.5479382909374025,0.09954717411878122,0.08224856477337897,0.040419653654744384,0.039098433150815244,0.03104716859721494,0.030668130328078882,0.04038076424771861,0.059602884300108565,Block_Central
Well-C-53,3193.3205087759306,0.010317563145612026,0.010223874913653376,0.3528100207341652,0.05188296634939041,0.05049312034854645,0.030306129025071942,0.030040123591097492,0.04107730346381599,0.04097537946769637,0.08908729289410275,0.29278622606684807,Block_South
Well-B-41,2830.0711773292605,0.009880347132261158,0.019306102770376064,0.5592825001694949,0.09630083996523608,0.07914286275512958,0.03922610980278074,0.04000787354364706,0.030157842129194968,0.029263247866764153,0.03840514923627279,0.05902712462884276,Block_Central
Well-A-21,2587.184352774523,0.02076513110728723,0.00955260510354195,0.7544540576876346,0.07682499141840006,0.049147641238392055,0.020278613802433617,0.019871893784101233,0.009709296319460438,0.00978122774858362,0.010058065182438248,0.019556476607726844,Block_North
Well-C-68,3162.2689540949796,0.009959402782102942,0.009876556477678499,0.34923428793867195,0.04684368034672308,0.04904715094584585,0.029746786784803022,0.028922415110629058,0.03977685190546786,0.03931045655591857,0.09192985223626532,0.3053525589158939,Block_South
Well-A-46,2593.2028105510017,0.02031691729545318,0.00984164695657587,0.7508908250473576,0.07899307684107594,0.0488609487298347,0.020472600942767195,0.020867868417186814,0.009769020366582502,0.010163294611087037,0.009919355330776447,0.019904445461302524,Block_North
Well-C-10,3120.444837246427,0.010175396101239893,0.009714676657888287,0.3597419353687829,0.04886077100925352,0.05039230452960063,0.029657996105246144,0.030214362671015137,0.0393724361807997,0.0396760105727122,0.08963592357194068,0.29255818723152094,Block_South
Well-B-30,2857.981076023454,0.009989415629236614,0.020224483657914048,0.550867461402064,0.10108327421801906,0.0785313989187691,0.0401377767056771,0.038871244250478706,0.029934970800598124,0.02945933473898381,0.03941382282352088,0.061486816854738405,Block_Central
Well-B-63,2831.6057445800807,0.009960730395855162,0.019300422530847124,0.5581050019555244,0.09992189552666707,0.07754726492408245,0.040126010475216724,0.03917674487017683,0.02984319160312667,0.029627205078810382,0.03846139853867296,0.057930134101019944,Block_Central
Well-A-38,2553.9985379715854,0.01978735491882477,0.00994580234733781,0.7518011685654642,0.08050514338509467,0.04849379311146846,0.01923500709526999,0.02035094294929036,0.009987874982336616,0.009773402411950708,0.010229739506997553,0.019889770725965022,Block_North
Well-C-21,3183.91803949803,0.009858350232886592,0.010252015439468968,0.3595078122854196,0.04934064223979967,0.04807603634383511,0.030567996725977136,0.029553921863219094,0.04058402549517934,0.03837807682417936,0.0914973875186297,0.2923837350314054,Block_South
Well-C-20,3143.8178613248347,0.009892438521898698,0.009888854370181522,0.35125243368834724,0.04947753661540978,0.049847482627282856,0.031205754083439133,0.029800141489911513,0.03964462448324443,0.03941366341158468,0.09118152965769145,0.2983955410510089,Block_South
Well-B-36,2861.1376312860725,0.009615819518699645,0.019646562395959858,0.5490381310349596,0.09769147893197615,0.08105187037354092,0.04127143892831596,0.041021564165129455,0.029905873951197537,0.030929537093962896,0.04016451599997402,0.05966320760628395,Block_Central
Well-C-07,3182.7553052274047,0.010184272452064226,0.010238372315613038,0.3503176592246868,0.050153944122682884,0.04933968066977476,0.029784599482955768,0.03034322280620607,0.04092771452394151,0.03985397848748466,0.08911259749613158,0.2997439584184586,Block_South
Well-C-37,3177.2771419665078,0.009839424561946442,0.010018840340892553,0.34560324425047007,0.04964646416480318,0.05158836862888201,0.030753555528144523,0.029172138348411078,0.040596830553510405,0.040582186015686,0.08778833887448613,0.3044106087327676,Block_South
Well-B-69,2844.192909451929,0.009991582718481894,0.019767691672538286,0.5528529185974005,0.0984092563755469,0.0808673889810061,0.038671350994659265,0.03984161650101417,0.03096170481507687,0.029209560281684626,0.03920247953936409,0.060224449523227204,Block_Central
Well-B-42,2816.389631546443,0.009864317643013246,0.020805061133928188,0.5514941016083036,0.09926795524520708,0.08029435474228307,0.03892174939772861,0.039222154956851725,0.030719814584500026,0.0296054454071158,0.03916191825205008,0.06064312702901856,Block_Central
Well-B-51,2893.9888766639815,0.009854700824690775,0.020949031062598454,0.5418727426964747,0.1000146255391133,0.0821761230105645,0.04145793692195647,0.04150210891604634,0.030616507112396604,0.030506315436628628,0.0403310780429714,0.06071883043655897,Block_Central
Well-B-78,2914.917389919338,0.009751747783791079,0.019927771967253434,0.5591361936342163,0.09529375216496479,0.07938769437733284,0.03947590627992069,0.04013447836309679,0.02982870273280772,0.02925535448093056,0.03935003202735192,0.058458366188333916,Block_Central
Well-A-66,2532.361021914954,0.02041358651980328,0.010009246803082626,0.7512338877574364,0.07931046795964855,0.049875292986312034,0.02009581819979784,0.019289725306186754,0.009717161021456115,0.010134883400216073,0.01002055899205059,0.01989937105400985,Block_North
Well-B-09,2936.4181916405864,0.010187680457240477,0.01971663535826826,0.5506810932763626,0.0972833032010551,0.08115637103003284,0.04077783714358189,0.03986772655120693,0.031143021751625803,0.02945238745741503,0.039077737277953675,0.06065620649525737,Block_Central
Well-B-49,2867.2478583054135,0.009658076098095287,0.01996543906027971,0.5572348126306073,0.09774062213191277,0.07894570985030015,0.03959056693690039,0.0389576312073783,0.0300690788416179,0.029612400062104815,0.03991103306244516,0.05831463011835831,Block_Central
Well-B-32,2873.8488220001773,0.00989666008183968,0.02013503631248852,0.5564280477608824,0.097708819669645,0.07730104058995661,0.03824949417628859,0.04011114853138915,0.029123611034887684,0.028498497888210714,0.04001631638071059,0.06253132757370121,Block_Central
Well-C-13,3161.51291405412,0.010187640808811292,0.010481905066644634,0.34702399227669567,0.049342624876154595,0.05100215865242997,0.030531830780701808,0.030606529628885815,0.04086613837047976,0.040486175446603906,0.09422888601657389,0.29524211807601874,Block_South
Well-C-06,3139.786570301743,0.00998476170422623,0.010115516732210894,0.34716237976092074,0.0501196252928086,0.04962859216538693,0.02999711711724025,0.029490979610460474,0.03784444012745886,0.03967816134723428,0.09206344844029729,0.3039149777017556,Block_South
Well-B-07,2834.1624604154813,0.010030205160768196,0.019957922522308404,0.5533344115377814,0.09748302495135312,0.08090728545920944,0.03957090567955894,0.0410510712156932,0.029153886538387706,0.03058770180274847,0.03957115098263845,0.05835243414955277,Block_Central
Well-B-52,2938.9573910095132,0.009893967755327769,0.019681084832687067,0.5501967124746693,0.09970200372660361,0.07930854094876177,0.04057435390375944,0.04078157618132879,0.03006582199155092,0.03089965028225508,0.03910326744834953,0.059793020454706775,Block_Central
Well-B-60,2853.807328812552,0.010350260583083613,0.02022180474429601,0.5350820385440724,0.10422673745982161,0.08415405131444197,0.03937664387639124,0.04049519599078796,0.03138122022250865,0.032272916318274905,0.041347024091615496,0.06109210685470596,Block_Central
Well-B-04,2805.918929933635,0.010139590198384927,0.02036401662136592,0.5436989954072399,0.10180750218354136,0.07820514981863418,0.03979294738339332,0.041719730159311456,0.031305445782353794,0.03108332295286175,0.04029999632708113,0.06158330316583231,Block_Central
Well-C-08,3117.070836331248,0.010276612712417092,0.009861280608155698,0.3390863512170552,0.05021352397346431,0.04953299328153952,0.030153945426417274,0.030373502181073497,0.04024985252112246,0.04179798197885152,0.09198784938663247,0.30646610671327096,Block_South
Well-B-15,2818.723122095027,0.010143911195445185,0.019962563634808965,0.5507229173616248,0.09597883901499737,0.08144511392180909,0.040266803172451314,0.04078788605611433,0.028254957854901164,0.031244964574059404,0.03987804097800915,0.06131400223577921,Block_Central
Well-B-82,2873.1441714500816,0.010050605130428191,0.020389292022475015,0.5533765043924521,0.09881407732379992,0.08061018181816065,0.039100432251934054,0.04010265605461065,0.029991884674157098,0.02988691117408991,0.03991290348121149,0.05776455167668063,Block_Central
Well-C-05,3176.9448894082047,0.009881662586596595,0.009977766564870554,0.3538862792114401,0.048871941137648506,0.049079844860552224,0.029659411961220798,0.029037445719385723,0.039135647407335133,0.039408619590235484,0.09108758140660396,0.2999737995541111,Block_South
Well-C-62,3127.7464679724953,0.009688823010753066,0.010155193846160631,0.3419171448661876,0.05051951013140643,0.05015767975852886,0.030664951098469107,0.03007125339915359,0.040072897086802346,0.040929140972890285,0.09137025658700813,0.3044531492426401,Block_South
Well-A-44,2534.187216603869,0.020555038920594182,0.010333160587860131,0.7465655262715623,0.0809551378526564,0.05033154731617666,0.02124011780819724,0.02045607927081374,0.009978440479177638,0.009812849131467297,0.00968261543630088,0.020089486925193505,Block_North
Well-C-11,3134.041155611426,0.010183854602006995,0.009932164963045458,0.34962507590041936,0.04917799691707078,0.04760449824274035,0.02999048622198038,0.03155816613055044,0.040770565536552665,0.04012521213518656,0.08984165022708958,0.3011903291233575,Block_South
Well-B-25,2888.309728319698,0.01012464714065337,0.020245948973504888,0.5485014364126114,0.09980661266837103,0.07864818065973175,0.041874776245989336,0.039452541375725104,0.029923774629527434,0.029908297787265763,0.041183207756799296,0.06033057634982064,Block_Central
Well-C-34,3139.209357690457,0.009646685667159762,0.00976470748135936,0.3582109241571413,0.049782985803212026,0.049391077810004715,0.030059108908903783,0.03026391618370367,0.04084377724182823,0.04110833279173811,0.08924285755763625,0.2916856263973127,Block_South
Well-B-83,2811.647400200741,0.00987450827653478,0.02000523588719033,0.5508799396834143,0.09778870741753116,0.08189453645959073,0.039244477495389486,0.040710645057228975,0.03020814410708754,0.029565116531249016,0.04135430158073027,0.05847438750405335,Block_Central
Well-A-15,2569.7471461669284,0.019569081324149327,0.00958854587504214,0.7567882931745541,0.07855766153044212,0.04747877313004005,0.019710512172323176,0.019075797006575388,0.009880650952024663,0.009952928585207979,0.00956785914888476,0.01982989710075631,Block_North
Well-B-33,2886.59185438497,0.009970225220825772,0.02027731015145017,0.5493265282484421,0.09951714498107037,0.08123780944259099,0.03965418741806844,0.04009904656608299,0.030106775148700086,0.029514598535371896,0.04067711067839373,0.05961926360900341,Block_Central
Well-C-38,3123.693332490665,0.010270212621812281,0.009740046574776,0.34233171985342653,0.05083267908009813,0.05008921841062121,0.030220910523636728,0.030094837075235997,0.04016638945375527,0.03879763596935177,0.09155201002343946,0.3059043404138468,Block_South
Well-A-27,2516.0759896048307,0.019877724228477136,0.010086425567398591,0.7518862702906943,0.07875976012083104,0.04963814735454424,0.019741659288632245,0.019703232767469096,0.010138521204213803,0.010040308050223452,0.009830971354165682,0.020296979773350494,Block_North
Well-C-16,3150.127564462573,0.010064200393933588,0.010168095512659613,0.34846178195841565,0.04953706055203599,0.0500073077194357,0.029413949616046504,0.031163704277985805,0.03860236503221553,0.04003215624603652,0.09337277615487247,0.2991766025363626,Block_South
Well-C-25,3123.7478556752258,0.009878156293219049,0.009962508334461898,0.3516858099580233,0.04940769675946512,0.04921961723059196,0.029956782768193448,0.02928537163530356,0.03904829641622297,0.04045745830029155,0.0877455634408746,0.30335273886335234,Block_South
Well-A-05,2567.801615255906,0.01952305867682188,0.009914159796734098,0.7474729973405987,0.08217319290185296,0.050640533542467975,0.01940858020135742,0.02024835360532015,0.009981507052328729,0.00992279486744329,0.010182034497415728,0.020532787517659173,Block_North
Well-C-65,3101.0284495935693,0.010001867594868978,0.010387615784325474,0.34677251115306396,0.05190680770640271,0.050866801818134966,0.029372299160718214,0.030440175779730287,0.038598416071124075,0.04079468692311108,0.09225894473995148,0.2985998732685688,Block_South
Well-C-80,3192.8630562115395,0.00998155114222301,0.010093366030555046,0.34705615755776037,0.04955236085869537,0.049823765263272764,0.030475981610513323,0.030185401797972414,0.038590132521011594,0.0386850942465984,0.08979351586378864,0.305762673107609,Block_South
Well-C-41,3192.914471721169,0.009878519857861508,0.010031488847669214,0.3513168141355512,0.049660599652595436,0.049112400790544006,0.02952325723437379,0.029388152355501636,0.03925155650783509,0.039861981081427515,0.08852447338668976,0.3034507561499509,Block_South
Well-A-10,2565.8451834658426,0.020056715240177474,0.00979041484783705,0.7493148413272405,0.0800525487218584,0.04956980453075816,0.020086257559978185,0.02031410244090507,0.010455720103323138,0.01011080951126796,0.010127529530972826,0.020121256185681266,Block_North
Well-B-24,2929.532128377182,0.009994450778390201,0.019229075439660404,0.5510132445860599,0.09927035664791052,0.08032536758378492,0.039901638553836376,0.040807519712511134,0.029867424089981384,0.029536944358573042,0.039820906692283546,0.06023307155700836,Block_Central
Well-C-22,3116.0679584711847,0.010166162112706045,0.01002258130319936,0.34399949227773724,0.0496907662684746,0.05078627724986334,0.030122825153015714,0.030410502482986317,0.04166315490801175,0.03882502307053898,0.09309421294155665,0.30121900223191006,Block_South
Well-B-68,2924.2703949173674,0.010344234171333889,0.02047845477166328,0.5473672480612735,0.10119849940123865,0.08027146248007842,0.03942939690332554,0.04041565680564902,0.02940620408613026,0.03083174399589022,0.039782027145967506,0.0604750721774497,Block_Central
Well-A-26,2574.3508256291607,0.02036870066933248,0.010131262377345998,0.7477463231930196,0.0808414030352127,0.05006661566653396,0.020227996139983072,0.020449440350940346,0.010411180498917528,0.009841269702458237,0.010521580341317675,0.01939422802493832,Block_North
Well-A-73,2542.6181302235973,0.020400445668436643,0.009886063521970832,0.7444327425815347,0.08287044847823317,0.050685465039570575,0.02056679390794455,0.0203017294169478,0.010151156434078068,0.010335498857043594,0.010040412140730664,0.020329243953509386,Block_North
Well-B-38,2914.6791691982075,0.010278160459194208,0.019627591974928565,0.5524346196075753,0.09853501811687738,0.0778079659830496,0.040795539405896274,0.04097125415004153,0.029919858993300564,0.028700307103754798,0.039917575085435954,0.06101210911994576,Block_Central
Well-B-72,2925.1216895501016,0.009870877146467933,0.020137997599995842,0.5524476003580655,0.09736747947956545,0.08110315362134746,0.03926409153023472,0.04033096307559864,0.029985812677387647,0.030861500552856,0.0395121491056908,0.059118374852789986,Block_Central
Well-A-67,2548.8643190404664,0.02019385880696295,0.010163372543717256,0.7488187586832031,0.0794887713553542,0.05066371195937812,0.019791419698208555,0.02035123970928001,0.00974951763526102,0.010300957896419476,0.010188608749170993,0.020289782963044282,Block_North
Well-A-34,2598.1186178027424,0.020258739987628997,0.010187337016703848,0.7476001884400557,0.08074938695048411,0.05025583809242276,0.02013653424433124,0.01978656599325706,0.01005356276604855,0.010148720969227747,0.010340277193001176,0.020482848346838563,Block_North
Well-A-25,2533.511885425914,0.019478413838975583,0.009544370628408105,0.7581176335465039,0.07606935845208768,0.04851252051900494,0.019628496883825567,0.020141630880114086,0.009507549833237023,0.010016369085228042,0.009790656316798775,0.019193000015816322,Block_North
Well-C-67,3170.6246162555262,0.010138158163170468,0.010228028594138558,0.35020887477731477,0.04860235315333352,0.05143900557987589,0.029368511428846684,0.029484772597270323,0.03984929698116042,0.04080853487523138,0.090572158082052,0.29930030576760586,Block_South
Well-B-62,2841.813980862183,0.009664477187693827,0.02030516303160832,0.5478465373624121,0.09940366085539049,0.08490791746443652,0.04014394491862013,0.03930549512882369,0.02967392015213819,0.030616570021582808,0.03999590945559906,0.058136404421694994,Block_Central
Well-B-39,2886.029342718336,0.009706665577095258,0.02007840747293786,0.5499702867879396,0.10118410027197339,0.08021155686812013,0.03923143848981825,0.040967588677643156,0.0299124257687074,0.029991180649742172,0.03926328730710942,0.0594830621289134,Block_Central
Well-C-46,3152.4735637661433,0.010089623429578287,0.010135834760262377,0.35754319256983613,0.049775316250780154,0.04949378482573554,0.029411913492911997,0.029568092043848228,0.04245020892508991,0.04108374993211948,0.08775605001346684,0.29269223375637105,Block_South
Well-A-31,2500.6385871716834,0.01999446078816663,0.009820234544241803,0.7511130072136594,0.07891401332953409,0.05097348684838896,0.019940538272058793,0.019669171038922458,0.009935404560851267,0.010082263315562631,0.009886938371187324,0.019670481717426604,Block_North
Well-A-76,2579.480954874993,0.02076978969002374,0.010410363445038873,0.7489520384394489,0.08005399863540874,0.050173418519072435,0.019640409283237292,0.01981228809598968,0.009888889742608946,0.009936591158587497,0.010084556120368106,0.020277656870215703,Block_North
Well-C-14,3191.060571721442,0.0099753011662084,0.010122429270301641,0.343350933062302,0.05053850580032883,0.0524021732518462,0.03044284049480471,0.03057053409025118,0.03955091919836574,0.04007334637594908,0.09060535031900856,0.3023676669706336,Block_South
Well-B-64,2943.6172028557144,0.01024146395594204,0.01993513614945802,0.5474560065490324,0.09843067411373294,0.08095816090554094,0.04179477811647174,0.03928202882423763,0.03011884972757849,0.030954544856234178,0.04007508884334603,0.06075326795842566,Block_Central
Well-B-31,2876.6913193301125,0.01030079581630956,0.020407165014652385,0.5423299077249178,0.10016978049156045,0.08260280055970698,0.040437372742055076,0.042193533856578744,0.03048020943354625,0.030358472800802633,0.04007379290341947,0.060646168656450825,Block_Central
Well-B-57,2903.879864730566,0.010042173854493795,0.019407120268296014,0.5586017838903036,0.0980850250582543,0.07886211467128816,0.03885839638026457,0.03753529075379992,0.030109042647937595,0.030021940763942417,0.03922595952741403,0.05925115218400561,Block_Central
Well-B-75,2913.0141883385454,0.010052953334450452,0.020449205934343434,0.5458120824331496,0.10140856754892555,0.08217675257917711,0.04085164587770466,0.04111041724524922,0.030296738951327895,0.02989867425443057,0.03852952645215467,0.05941343538908699,Block_Central
Well-C-66,3171.6049973242143,0.01006383891068186,0.010431389939217255,0.3478121068324626,0.049132123801803304,0.051682611382487455,0.031299247414002876,0.030119324827091686,0.0409684605487712,0.041233501362254656,0.08900960804849295,0.2982477869327343,Block_South
