footage_ft,hours,avg_rpm,avg_wob_klbf,cum_krev,abrasive_frac,vib_exposure,mse_ksi,dull_grade
3551.0,39.4,146.0,18.6,344.1,0.36,1.55,85.5,3.9
2143.0,24.3,167.0,13.9,243.3,0.17,1.16,72.7,2.1
3906.0,32.5,163.0,25.0,317.3,0.53,0.47,97.9,3.9
3229.0,30.3,178.0,16.6,323.5,0.27,1.81,85.2,3.2
696.0,24.8,169.0,38.1,250.8,0.45,0.85,160.3,3.1
4398.0,143.3,107.0,10.1,921.7,0.06,0.77,72.5,6.8
3497.0,37.1,141.0,14.3,314.4,0.59,0.41,72.9,3.7
3601.0,44.5,113.0,17.4,301.0,0.32,1.32,87.7,3.4
838.0,15.3,116.0,16.0,106.5,0.19,1.05,86.5,1.5
2192.0,30.0,183.0,16.8,328.1,0.9,1.05,75.3,3.8
1857.0,16.6,155.0,29.7,154.0,0.34,0.8,121.1,2.3
4192.0,34.9,187.0,19.8,392.2,0.28,0.71,91.8,4.0
3004.0,33.6,126.0,28.5,253.4,0.15,0.82,126.9,2.7
3756.0,54.2,139.0,36.7,452.2,0.43,1.23,150.4,5.5
2162.0,38.5,134.0,28.1,308.8,0.57,1.32,113.7,3.9
1254.0,14.8,92.0,30.8,81.3,0.39,0.88,119.4,1.7
2629.0,43.0,106.0,21.0,273.3,0.69,1.47,94.4,4.5
568.0,6.3,138.0,14.8,52.3,0.46,0.96,75.4,1.0
3776.0,36.7,87.0,19.6,192.6,0.64,0.75,86.4,3.3
2953.0,90.6,182.0,38.9,991.7,0.19,1.1,150.7,8.0
3484.0,138.7,94.0,28.7,779.0,0.29,0.32,118.9,6.3
1789.0,36.2,102.0,18.3,221.1,0.44,1.12,74.4,2.7
4377.0,34.2,164.0,23.5,337.2,0.22,0.23,71.2,2.9
4051.0,40.8,91.0,35.1,221.9,0.4,0.49,136.3,3.3
3569.0,79.7,179.0,30.1,856.3,0.15,0.01,148.0,6.8
1117.0,8.8,160.0,26.8,84.1,0.54,0.91,121.1,1.7
2260.0,28.6,88.0,36.6,150.2,0.12,1.8,137.3,2.3
484.0,6.1,156.0,30.2,56.8,0.95,0.94,125.8,1.6
948.0,7.2,149.0,29.3,64.1,0.51,1.32,102.1,1.9
3169.0,99.5,163.0,15.7,975.1,0.6,2.18,74.9,8.0
3428.0,68.9,171.0,13.2,707.4,0.46,1.2,65.2,6.6
4364.0,47.2,159.0,39.0,450.8,0.13,0.62,149.0,4.7
1668.0,35.1,144.0,28.0,304.6,0.27,0.69,120.9,3.3
1856.0,18.0,115.0,22.5,124.7,0.36,1.0,98.5,2.5
2272.0,45.8,157.0,27.7,430.5,0.59,0.68,126.4,4.6
1096.0,30.1,185.0,11.9,334.6,0.16,0.72,69.8,2.8
846.0,17.3,145.0,34.7,150.4,0.59,1.49,143.9,2.7
2298.0,31.2,153.0,16.5,286.7,0.79,1.51,73.0,4.2
1253.0,27.7,128.0,34.1,212.8,0.44,0.18,131.7,2.5
3113.0,76.9,163.0,26.0,752.8,0.03,0.59,105.2,5.6
2136.0,17.2,190.0,18.3,196.2,0.69,0.77,85.2,2.9
3797.0,61.4,98.0,10.9,359.7,0.27,1.3,62.9,3.4
3241.0,48.7,102.0,34.5,299.1,0.29,1.57,125.4,4.0
1612.0,51.4,139.0,15.3,429.8,0.72,2.35,83.7,4.9
3795.0,57.4,133.0,11.6,458.1,0.17,0.77,57.1,3.8
3680.0,66.4,143.0,32.7,568.9,0.08,0.79,149.5,5.3
1927.0,20.2,85.0,20.5,103.7,0.35,1.29,86.7,1.6
1511.0,31.1,124.0,21.7,232.1,0.84,0.66,107.5,3.1
3166.0,24.9,144.0,17.4,215.3,0.26,0.93,85.4,2.5
887.0,6.7,144.0,35.8,58.2,0.47,0.79,127.1,2.3
1140.0,31.2,152.0,18.9,285.5,0.38,0.31,95.7,2.7
331.0,8.9,159.0,16.3,84.6,0.43,1.06,91.0,1.3
3605.0,94.2,151.0,19.3,851.2,0.28,0.91,96.9,6.7
3092.0,32.1,167.0,16.1,321.8,0.29,1.64,80.0,3.9
3262.0,83.6,149.0,19.5,745.8,0.45,1.0,86.0,6.5
3579.0,29.1,139.0,12.5,242.9,0.18,0.37,65.9,2.0
2227.0,19.9,147.0,14.8,175.4,0.6,0.87,66.6,2.5
2689.0,22.5,91.0,22.5,123.3,0.21,0.05,96.9,1.7
887.0,10.4,110.0,36.4,68.5,0.84,0.39,151.0,2.1
781.0,5.6,138.0,11.7,46.3,0.49,1.32,61.9,1.1
3107.0,103.3,176.0,16.4,1091.0,0.67,0.88,90.7,8.0
2279.0,32.0,155.0,37.3,297.3,0.39,1.46,153.7,4.1
2674.0,43.0,90.0,36.7,231.8,0.29,0.02,153.6,3.0
3513.0,26.2,145.0,30.4,228.2,0.28,0.88,129.1,3.3
2966.0,32.5,104.0,17.2,203.4,0.45,0.76,81.1,3.0
2625.0,22.3,161.0,22.6,215.1,0.36,1.48,96.0,3.0
2649.0,59.4,171.0,16.3,609.5,0.61,1.34,93.0,5.8
1577.0,11.5,145.0,13.9,99.9,0.59,1.32,59.8,1.8
429.0,5.2,145.0,21.4,45.4,0.56,1.77,85.4,1.6
2134.0,26.1,117.0,27.3,183.6,0.6,0.82,119.0,2.5
1201.0,8.8,129.0,20.8,68.1,0.54,1.67,84.4,1.4
2016.0,29.3,175.0,28.3,307.8,0.36,0.48,110.7,3.4
3884.0,54.9,160.0,18.9,525.9,0.24,0.46,93.8,5.0
1283.0,13.9,137.0,20.4,114.4,0.28,1.38,102.8,1.7
545.0,13.7,121.0,33.7,99.2,0.49,0.25,128.9,1.6
1482.0,23.9,86.0,36.3,122.8,0.24,1.29,155.2,2.4
1533.0,32.5,96.0,19.7,186.5,0.53,1.05,75.5,2.3
3080.0,83.5,101.0,27.1,507.3,0.16,1.54,118.1,5.0
2640.0,21.2,121.0,18.3,153.9,0.52,0.97,94.7,2.3
3592.0,38.7,184.0,11.6,427.2,0.43,1.03,60.6,4.0
3090.0,46.6,136.0,32.1,379.4,0.23,1.25,133.6,4.1
2007.0,27.9,106.0,15.1,177.0,0.17,0.67,83.7,1.9
3719.0,49.8,92.0,22.8,274.0,0.75,0.65,87.9,3.8
1001.0,10.2,117.0,24.6,72.0,0.45,1.24,104.7,1.9
395.0,3.0,170.0,15.5,30.6,0.2,0.99,70.5,0.7
678.0,5.1,122.0,12.8,37.6,0.73,0.8,76.1,0.9
3334.0,47.6,165.0,20.4,471.3,0.7,0.96,85.0,5.3
2240.0,35.6,168.0,38.6,359.8,0.53,1.8,150.9,4.7
977.0,12.7,92.0,28.5,70.3,0.2,0.78,112.1,1.6
2404.0,26.6,147.0,21.4,234.7,0.28,0.76,86.8,2.3
940.0,12.0,186.0,11.2,133.9,0.04,0.15,73.0,0.8
3225.0,32.0,124.0,28.0,238.6,0.2,0.98,114.7,2.9
2174.0,24.5,86.0,12.8,125.8,0.32,1.33,63.1,1.9
1900.0,30.7,182.0,26.3,334.5,0.43,1.42,110.7,3.5
1566.0,24.2,177.0,32.6,257.2,0.58,1.05,130.0,3.1
2947.0,43.0,137.0,22.7,354.6,0.24,1.48,98.6,3.9
1820.0,50.7,141.0,19.0,428.2,0.08,1.37,85.2,3.6
668.0,15.2,103.0,11.4,93.9,0.14,1.56,67.9,1.1
796.0,7.4,170.0,10.7,75.1,0.53,1.49,55.3,1.6
4340.0,62.2,135.0,22.9,503.4,0.69,1.78,96.8,6.2
4116.0,82.9,84.0,36.5,416.3,0.31,0.92,150.6,5.1
3239.0,36.1,155.0,17.3,336.0,0.43,0.34,83.9,3.5
1417.0,12.7,185.0,27.2,140.2,0.67,1.33,105.9,2.6
4371.0,80.0,171.0,30.5,822.2,0.33,1.39,128.3,7.6
3571.0,29.7,110.0,11.8,197.1,0.33,1.78,77.1,2.3
3311.0,25.1,86.0,14.6,129.6,0.56,1.64,83.9,2.6
2187.0,23.3,183.0,19.9,256.9,0.58,1.97,81.3,3.5
1443.0,14.2,183.0,30.1,155.6,0.35,1.31,113.7,2.5
705.0,22.7,139.0,23.2,188.8,0.53,1.11,101.0,1.9
4091.0,30.6,151.0,32.0,276.5,0.24,0.31,130.9,3.2
2214.0,31.6,131.0,36.0,247.9,0.4,1.15,141.6,3.2
1150.0,8.8,126.0,32.8,66.3,0.43,0.72,127.0,1.7
1585.0,17.3,93.0,39.8,96.7,0.21,1.11,169.5,2.4
2733.0,107.0,91.0,32.6,582.1,0.24,1.03,140.5,5.7
1042.0,35.4,106.0,35.6,224.4,0.3,1.24,155.0,3.4
3898.0,37.8,172.0,35.0,389.7,0.6,0.95,140.6,5.3
3486.0,38.9,96.0,31.9,223.9,0.64,1.47,123.9,4.3
3322.0,118.4,105.0,34.1,745.6,0.64,0.36,153.2,7.2
2115.0,19.1,140.0,38.0,161.2,0.61,1.09,138.4,3.7
2935.0,23.9,104.0,24.3,148.4,0.28,1.6,109.9,2.4
2753.0,33.5,98.0,29.1,197.1,0.77,1.94,116.3,3.8
3029.0,38.6,142.0,25.4,328.4,0.05,1.37,105.8,3.5
655.0,25.5,120.0,35.5,184.7,0.58,1.84,141.1,3.2
2046.0,17.7,149.0,22.9,158.3,0.43,1.08,88.7,2.5
475.0,7.5,180.0,34.6,81.5,0.14,1.0,137.8,1.9
2375.0,18.8,97.0,34.0,109.2,0.32,1.26,110.4,1.7
1685.0,24.8,180.0,38.9,268.8,0.43,1.0,152.3,3.9
907.0,10.1,179.0,17.5,108.4,0.15,0.61,78.3,1.2
734.0,13.1,171.0,31.3,134.5,0.36,0.74,138.0,2.4
2768.0,63.7,149.0,32.7,571.0,0.2,0.44,141.5,4.6
1016.0,8.9,148.0,38.1,79.2,0.49,1.26,139.1,2.2
4186.0,51.0,150.0,37.2,459.7,0.51,1.01,143.1,5.4
2740.0,31.6,156.0,27.2,295.8,0.1,0.82,112.2,3.1
1757.0,12.9,82.0,27.4,63.4,0.41,0.72,119.1,1.8
2782.0,20.5,185.0,15.0,227.8,0.5,1.25,61.1,3.0
396.0,3.2,144.0,39.2,27.8,0.05,1.39,141.3,1.3
4326.0,92.9,166.0,17.7,924.9,0.5,0.43,80.5,7.9
2326.0,24.9,122.0,31.7,181.6,0.61,0.36,115.7,2.7
3587.0,28.5,81.0,33.9,139.0,0.72,1.48,132.0,3.9
647.0,9.5,136.0,23.2,77.7,0.47,0.31,105.8,1.5
2344.0,64.0,136.0,16.3,521.4,0.18,1.27,97.0,4.7
2361.0,20.0,128.0,15.7,153.4,0.45,1.81,80.7,2.3
4239.0,52.7,117.0,35.7,371.3,0.46,1.81,161.3,5.4
2701.0,30.0,107.0,25.3,193.8,0.55,1.37,107.0,3.8
2289.0,16.6,138.0,12.7,137.4,0.73,1.35,57.9,2.9
1421.0,15.0,121.0,31.5,109.1,0.41,2.13,116.2,1.8
1693.0,22.9,187.0,17.5,256.7,0.44,0.17,90.5,2.5
2487.0,36.8,99.0,36.3,218.7,0.39,0.77,146.9,3.4
2143.0,29.4,115.0,19.3,202.8,0.36,1.42,96.0,2.7
391.0,10.1,112.0,16.0,68.2,0.48,0.83,76.3,1.0
3770.0,32.4,140.0,12.5,271.6,0.22,1.62,65.5,3.0
4064.0,33.5,135.0,25.3,271.1,0.6,0.98,104.5,4.3
889.0,15.4,151.0,23.5,139.4,0.47,1.07,107.7,1.8
2627.0,43.8,185.0,32.5,485.2,0.43,0.86,129.7,5.2
756.0,6.0,111.0,23.9,40.2,0.19,0.74,107.3,1.1
3123.0,112.5,156.0,20.3,1054.7,0.16,0.73,117.2,8.0
1481.0,17.5,83.0,17.8,86.7,0.61,1.14,75.5,2.0
3070.0,39.2,109.0,18.3,256.0,0.75,0.61,92.7,3.3
3353.0,32.1,131.0,37.8,252.6,0.48,1.48,122.4,3.8
3528.0,80.6,83.0,15.0,403.2,0.83,1.33,86.6,5.2
753.0,7.4,148.0,39.6,65.6,0.61,1.55,136.6,2.6
4147.0,60.7,155.0,19.8,563.1,0.18,0.44,88.9,4.5
1267.0,13.2,162.0,12.7,128.2,0.42,0.15,55.6,0.7
457.0,15.4,137.0,17.5,126.7,0.3,1.0,89.7,1.5
2630.0,33.7,146.0,11.8,295.9,0.48,2.45,72.6,4.0
1858.0,21.8,124.0,33.7,161.9,0.4,1.63,120.2,3.0
3785.0,76.2,85.0,25.4,386.7,0.57,0.72,110.9,5.2
3695.0,90.0,91.0,20.1,491.3,0.57,1.21,94.1,5.7
1632.0,35.0,152.0,29.9,319.0,0.25,1.36,141.2,3.8
4302.0,66.6,190.0,28.9,757.5,0.39,0.32,126.3,6.6
1522.0,42.1,82.0,38.2,206.6,0.46,1.68,147.4,3.7
2463.0,18.4,141.0,38.8,156.0,0.46,0.92,140.4,2.8
1375.0,19.2,163.0,30.4,187.4,0.62,0.95,139.1,2.8
4231.0,35.8,171.0,34.5,367.7,0.18,1.01,138.5,4.0
991.0,7.2,140.0,33.8,60.7,0.22,1.57,120.2,1.5
489.0,14.3,148.0,24.7,126.7,0.22,0.62,111.9,1.6
2127.0,21.3,157.0,31.1,200.1,0.62,0.15,122.8,2.7
4468.0,35.7,174.0,12.3,373.6,0.59,1.16,56.4,4.8
4045.0,41.3,93.0,32.7,231.6,0.23,0.02,116.4,2.6
3444.0,46.3,182.0,38.9,505.6,0.38,0.85,147.8,5.1
4041.0,54.2,83.0,12.5,269.4,0.11,1.59,80.1,2.6
4052.0,139.1,172.0,35.1,1435.6,0.13,1.29,144.8,8.0
2479.0,28.7,88.0,38.0,152.1,0.21,1.52,147.8,2.8
1627.0,11.7,101.0,16.8,71.1,0.6,1.31,73.9,1.6
3542.0,26.2,80.0,25.7,126.4,0.52,2.21,119.8,3.4
3079.0,103.9,129.0,37.8,803.7,0.23,0.71,156.7,7.1
1869.0,17.6,117.0,38.8,123.4,0.26,1.2,157.0,2.9
697.0,11.7,98.0,13.8,68.8,0.17,0.78,70.5,0.8
3437.0,26.7,130.0,20.5,207.4,0.23,1.48,84.1,2.8
1402.0,46.5,124.0,30.9,346.3,0.29,0.97,134.6,3.9
4235.0,31.9,164.0,16.6,315.0,0.44,1.86,67.2,3.9
1312.0,10.8,178.0,19.7,115.7,0.36,0.73,83.4,1.6
816.0,21.2,152.0,10.7,192.9,0.06,1.7,75.6,2.2
3791.0,118.9,94.0,14.6,668.4,0.18,1.3,75.6,5.3
944.0,7.8,112.0,26.9,52.7,0.58,0.98,107.8,1.6
1053.0,24.5,180.0,29.6,265.7,0.41,1.27,133.9,3.3
2817.0,32.6,90.0,29.5,175.4,0.32,1.13,114.7,2.9
3973.0,30.5,125.0,33.4,228.2,0.47,1.18,135.9,3.6
1125.0,12.5,184.0,22.5,137.4,0.27,0.9,98.9,1.9
1603.0,22.7,185.0,18.2,251.2,0.58,0.65,86.3,3.1
3565.0,46.8,125.0,10.5,351.7,0.44,0.83,46.0,4.2
4382.0,135.8,153.0,16.2,1250.3,0.29,0.16,84.0,8.0
2403.0,17.6,130.0,19.4,137.7,0.8,1.42,84.5,2.7
904.0,14.9,163.0,15.3,145.5,0.37,0.38,94.0,1.8
359.0,7.7,83.0,10.6,38.4,0.62,0.89,71.5,0.8
1265.0,21.8,96.0,14.7,125.6,0.59,1.32,87.4,2.2
854.0,6.3,148.0,30.0,55.6,0.18,1.42,105.9,1.3
3146.0,87.8,106.0,28.9,556.1,0.27,0.11,126.0,4.5
812.0,6.5,153.0,38.1,59.8,0.72,0.95,152.9,2.0
2427.0,22.8,119.0,33.9,162.3,0.3,1.23,125.6,2.8
3216.0,26.7,178.0,27.0,284.4,0.43,1.03,116.2,3.8
2741.0,20.0,170.0,14.1,203.9,0.26,1.67,70.5,2.7
1139.0,9.3,134.0,26.9,75.3,0.5,0.59,110.1,1.6
3677.0,27.5,165.0,11.8,272.8,0.26,0.02,55.3,2.5
3305.0,83.5,110.0,22.9,549.9,0.6,1.41,99.5,6.0
3404.0,29.2,134.0,21.7,235.5,0.46,0.73,106.2,3.2
850.0,9.7,102.0,22.8,59.2,0.5,0.12,105.0,1.1
820.0,9.4,175.0,18.4,98.2,0.61,0.92,88.5,2.0
4196.0,32.7,171.0,30.6,334.4,0.43,1.62,115.3,4.6
1970.0,14.4,179.0,35.2,154.9,0.32,0.37,132.5,2.3
1564.0,14.7,177.0,33.1,156.2,0.14,2.17,131.2,2.8
2352.0,29.2,186.0,28.8,325.1,0.59,0.58,123.4,3.8
3084.0,39.8,105.0,26.2,251.0,0.62,1.04,117.9,3.7
4314.0,62.1,183.0,10.9,680.3,0.78,0.39,58.3,6.8
1503.0,22.6,143.0,31.7,193.5,0.51,1.02,119.7,2.6
4184.0,59.8,126.0,26.3,453.4,0.19,0.93,114.5,4.4
404.0,11.4,142.0,18.1,97.3,0.71,0.26,78.7,0.9
2632.0,77.6,118.0,19.8,548.1,0.3,2.41,95.8,5.6
2963.0,25.8,112.0,38.1,173.2,0.28,0.75,140.5,2.9
745.0,9.8,107.0,28.7,62.4,0.5,0.75,124.4,1.5
889.0,6.7,89.0,24.3,36.0,0.24,1.48,113.7,1.1
2060.0,21.6,135.0,28.6,174.4,0.51,1.91,101.7,3.2
4358.0,150.0,178.0,22.4,1599.4,0.31,1.56,125.6,8.0
2803.0,65.0,149.0,24.1,582.5,0.65,0.4,108.8,5.4
4219.0,86.7,137.0,18.7,714.1,0.54,1.11,95.4,7.1
3678.0,26.8,127.0,23.2,204.5,0.15,0.06,82.3,1.6
2263.0,45.1,131.0,30.6,354.9,0.58,1.45,138.3,4.8
3596.0,42.7,103.0,11.2,263.6,0.33,0.18,63.5,2.6
375.0,2.8,171.0,33.9,28.9,0.83,0.6,127.9,0.7
758.0,5.5,102.0,18.5,33.7,0.32,1.0,63.1,0.9
3784.0,72.5,159.0,30.5,691.0,0.52,1.22,130.3,6.9
3647.0,119.0,164.0,29.3,1167.9,0.35,0.87,135.9,8.0
1277.0,29.9,143.0,29.6,257.3,0.31,1.76,126.4,3.2
2529.0,78.3,175.0,28.2,822.3,0.35,1.36,134.9,7.3
2845.0,60.0,112.0,38.8,403.1,0.64,1.32,166.0,5.3
3945.0,43.6,177.0,25.3,463.4,0.33,0.39,102.1,4.0
2833.0,21.8,160.0,32.0,209.6,0.22,1.85,135.6,3.6
2033.0,23.4,168.0,31.2,235.9,0.55,0.6,127.1,3.1
1872.0,19.3,153.0,17.1,177.3,0.28,1.87,80.5,2.3
2089.0,43.3,173.0,18.5,449.9,0.62,2.01,92.8,4.7
3038.0,26.0,189.0,22.7,294.7,0.51,1.26,95.7,4.0
3943.0,41.1,126.0,18.3,310.9,0.48,1.52,63.2,3.6
2206.0,17.7,170.0,21.0,180.4,0.55,0.54,87.1,2.5
1341.0,10.0,162.0,21.7,97.1,0.7,0.9,78.5,1.6
1294.0,19.9,130.0,28.1,155.0,0.46,1.55,133.2,2.6
3433.0,96.9,182.0,16.6,1058.4,0.31,1.46,100.5,8.0
3730.0,73.2,123.0,34.1,541.6,0.66,0.39,148.4,6.0
742.0,9.8,142.0,23.1,84.0,0.53,0.85,100.8,1.6
580.0,4.3,92.0,31.2,23.8,0.48,0.27,111.7,1.0
2797.0,40.8,105.0,12.4,256.8,0.13,1.21,64.3,2.3
914.0,8.0,172.0,24.1,83.2,0.54,0.06,115.6,1.4
3764.0,43.2,124.0,10.8,320.3,0.37,1.57,56.1,3.9
1603.0,34.8,123.0,30.3,257.8,0.05,1.59,111.1,2.6
904.0,14.6,107.0,20.3,93.9,0.03,0.76,104.0,1.4
4168.0,41.6,134.0,38.5,334.9,0.27,1.26,160.1,4.2
995.0,9.7,169.0,19.7,98.4,0.06,0.89,101.0,1.2
1496.0,19.9,178.0,26.9,213.6,0.41,1.12,123.2,2.9
945.0,18.4,88.0,17.7,97.0,0.13,0.43,98.6,1.1
785.0,7.3,143.0,28.6,62.5,0.31,1.31,115.8,1.4
389.0,8.8,131.0,24.0,69.0,0.34,0.18,93.6,1.2
533.0,4.0,148.0,21.1,35.5,0.19,0.09,87.9,0.8
1033.0,22.2,129.0,16.1,171.9,0.32,0.94,89.5,1.6
524.0,14.0,124.0,13.3,104.3,0.31,0.89,76.0,1.0
2783.0,33.8,132.0,13.6,267.8,0.59,1.14,69.7,3.5
3159.0,37.3,144.0,40.0,322.1,0.73,0.68,147.5,4.6
1953.0,23.4,135.0,22.4,189.8,0.64,1.94,91.1,3.5
1636.0,21.7,132.0,10.1,172.1,0.18,1.08,75.6,2.1
2419.0,17.4,170.0,38.6,177.0,0.6,1.12,157.6,3.5
3975.0,49.1,162.0,10.6,477.5,0.64,1.1,61.8,5.0
3875.0,48.5,118.0,22.6,341.8,0.08,1.5,102.4,3.6
483.0,6.6,168.0,31.5,66.2,0.3,1.29,122.0,1.4
1062.0,32.5,174.0,37.4,339.1,0.56,1.22,160.0,4.4
1294.0,13.9,97.0,31.4,80.7,0.28,1.37,140.5,2.2
1347.0,26.3,144.0,23.9,227.5,0.6,0.09,96.6,2.2
2699.0,27.5,111.0,39.2,183.5,0.48,0.11,154.5,3.1
2048.0,66.4,161.0,11.2,642.7,0.52,0.96,75.5,6.0
507.0,3.7,106.0,39.6,23.4,0.75,0.9,150.3,1.6
1869.0,23.7,154.0,35.5,218.6,0.61,1.29,154.8,3.7
2500.0,19.5,108.0,37.9,126.5,0.17,1.01,158.2,2.4
727.0,9.1,136.0,17.6,74.6,0.24,1.29,82.6,1.4
3801.0,119.0,184.0,14.3,1316.2,0.47,0.38,86.3,8.0
518.0,4.3,122.0,29.9,31.7,0.22,0.99,118.4,1.3
4184.0,42.0,176.0,25.5,444.7,0.47,0.33,101.5,4.7
716.0,6.2,189.0,25.7,70.5,0.46,1.19,107.2,2.1
3843.0,51.8,176.0,37.7,547.4,0.16,0.06,155.0,4.5
4091.0,41.6,98.0,28.6,245.2,0.41,1.17,118.5,3.7
4414.0,35.8,170.0,19.3,365.0,0.25,0.27,76.3,3.7
3669.0,37.6,84.0,22.0,188.4,0.31,0.81,92.1,2.5
3574.0,55.0,123.0,14.0,406.7,0.44,1.45,71.4,4.4
2998.0,29.6,176.0,15.8,312.5,0.64,1.11,68.5,3.6
3572.0,34.9,156.0,14.3,326.4,0.17,0.18,72.9,2.5
865.0,6.4,139.0,34.3,53.1,0.58,0.66,132.8,1.2
2551.0,37.7,123.0,31.1,277.6,0.47,0.25,137.4,3.3
2460.0,33.3,169.0,25.9,338.3,0.42,0.15,105.0,3.1
3902.0,33.0,158.0,21.2,312.5,0.31,1.06,85.6,3.6
2244.0,27.0,132.0,30.1,212.9,0.45,1.28,136.1,3.1
1917.0,17.5,178.0,34.4,186.8,0.18,1.22,132.3,2.6
2986.0,38.3,105.0,36.4,242.3,0.3,1.3,145.2,3.4
1419.0,28.5,99.0,26.4,168.9,0.56,0.99,115.6,2.6
887.0,8.0,151.0,34.6,72.5,0.47,0.86,143.2,1.8
2307.0,57.6,187.0,25.3,645.5,0.5,0.46,124.4,5.6
2051.0,42.9,107.0,24.2,275.8,0.88,0.78,119.3,3.9
1277.0,13.2,107.0,36.0,84.8,0.29,0.34,140.7,1.9
1844.0,16.6,95.0,21.6,95.1,0.52,0.58,85.5,1.7
1839.0,14.4,175.0,21.9,150.7,0.22,1.04,106.2,2.0
1675.0,29.7,105.0,19.1,187.2,0.76,0.94,99.7,2.8
1894.0,50.2,135.0,25.6,407.6,0.34,2.53,112.5,4.2
3180.0,23.6,189.0,26.3,267.2,0.39,0.33,115.5,3.2
1547.0,36.2,81.0,29.8,176.5,0.1,0.94,124.7,2.2
4285.0,89.8,141.0,22.9,760.7,0.44,0.29,117.5,6.7
4149.0,70.9,136.0,16.5,580.2,0.16,0.81,96.0,4.8
2320.0,27.0,169.0,36.0,273.6,0.78,0.83,135.0,3.9
1679.0,13.3,119.0,20.4,94.8,0.35,1.42,90.9,2.1
2549.0,22.7,125.0,37.7,170.2,0.21,0.78,150.0,2.9
3864.0,36.3,98.0,16.2,214.5,0.39,0.9,96.9,2.9
3041.0,67.4,161.0,26.8,652.6,0.27,0.78,113.1,5.6
3678.0,55.6,166.0,26.1,555.1,0.03,0.3,125.1,4.4
2537.0,31.7,95.0,34.9,180.8,0.38,0.67,139.7,3.0
2958.0,70.5,123.0,14.2,521.6,0.19,0.81,69.1,4.3
1510.0,26.8,178.0,37.3,286.1,0.39,1.04,149.9,3.6
3387.0,56.0,80.0,25.9,269.9,0.69,1.28,114.0,4.4
1150.0,29.0,113.0,27.6,196.5,0.65,0.88,113.8,2.5
3218.0,36.5,141.0,25.3,308.5,0.66,0.87,110.2,4.5
3915.0,36.9,117.0,11.1,258.5,0.41,0.14,67.2,2.8
855.0,25.9,110.0,24.9,170.6,0.39,1.27,116.7,2.2
2880.0,35.9,131.0,17.9,281.0,0.14,0.65,80.9,2.6
699.0,6.1,100.0,20.3,36.5,0.48,1.37,86.5,1.6
3348.0,30.2,138.0,29.5,250.2,0.66,1.66,117.6,4.2
655.0,5.5,158.0,24.9,52.2,0.46,0.91,103.7,1.6
4231.0,55.3,143.0,12.8,475.2,0.86,0.49,78.3,5.6
877.0,7.3,90.0,12.2,39.8,0.4,0.99,63.3,0.8
4327.0,82.1,173.0,15.6,852.0,0.65,1.17,70.7,8.0
3664.0,55.1,99.0,15.7,328.1,0.29,0.84,75.9,3.1
2793.0,61.7,164.0,28.2,607.5,0.32,0.72,124.9,5.7
3587.0,45.5,120.0,15.3,327.0,0.27,1.28,86.2,3.7
3639.0,51.9,166.0,36.5,517.5,0.22,1.25,156.5,5.2
4273.0,81.1,103.0,16.3,499.6,0.69,0.83,98.4,5.8
1364.0,12.2,101.0,12.7,73.8,0.13,0.17,65.1,0.6
2778.0,45.5,135.0,36.3,367.5,0.19,1.23,153.0,4.3
699.0,12.4,84.0,18.9,62.2,0.79,0.62,80.3,1.7
2888.0,72.1,105.0,22.8,453.3,0.63,1.11,110.3,5.0
1019.0,13.5,160.0,38.8,129.4,0.3,1.08,144.1,2.4
2673.0,44.7,172.0,38.3,461.2,0.48,0.06,153.2,4.8
2704.0,40.1,89.0,31.4,213.8,0.34,1.04,154.8,3.3
2257.0,43.3,177.0,12.1,459.8,0.6,1.26,73.2,4.5
2495.0,22.1,168.0,27.8,222.7,0.25,1.32,105.1,2.7
3508.0,26.6,176.0,39.7,280.2,0.2,1.06,150.4,3.7
3657.0,44.5,157.0,38.4,418.3,0.31,0.01,146.4,4.2
2367.0,23.9,154.0,13.2,221.3,0.69,1.64,59.6,3.0
2818.0,22.6,138.0,21.9,186.8,0.13,1.21,108.1,2.7
4211.0,30.1,152.0,19.5,274.2,0.59,0.4,89.8,3.8
803.0,8.4,181.0,13.9,91.3,0.35,0.61,72.9,1.1
792.0,6.2,91.0,30.8,34.0,0.25,1.12,116.5,1.7
668.0,5.2,115.0,18.2,35.5,0.69,1.34,76.4,0.8
3063.0,26.4,88.0,20.3,139.4,0.19,0.76,100.0,2.3
2058.0,26.4,184.0,12.7,291.2,0.56,1.41,71.4,3.2
3552.0,103.5,129.0,24.9,800.7,0.68,0.1,90.0,7.2
3119.0,116.3,154.0,14.7,1076.7,0.45,0.48,102.5,8.0
1701.0,21.3,173.0,23.0,220.5,0.87,0.03,103.0,2.6
4073.0,49.8,189.0,14.3,564.4,0.17,0.55,76.2,4.9
3503.0,48.8,98.0,38.6,286.1,0.22,1.75,161.5,4.5
1436.0,15.9,168.0,14.3,160.2,0.51,2.03,76.1,2.5
1830.0,20.7,178.0,25.7,220.3,0.65,1.12,114.8,3.3
1621.0,13.4,85.0,15.9,68.5,0.76,0.68,69.3,1.6
962.0,25.7,163.0,12.3,250.8,0.74,0.89,63.9,2.9
921.0,18.1,119.0,16.1,129.2,0.52,1.24,86.0,1.4
4232.0,36.4,151.0,11.6,330.7,0.68,0.22,71.3,4.2
2139.0,17.5,137.0,14.2,143.1,0.12,0.71,61.8,1.3
1910.0,13.7,109.0,24.8,89.3,0.21,1.72,92.6,1.3
3365.0,26.8,95.0,29.6,152.8,0.13,0.48,125.5,2.0
2623.0,20.6,93.0,12.6,114.8,0.42,0.63,57.6,2.1
4232.0,69.2,91.0,23.2,379.4,0.47,1.01,101.9,4.4
3577.0,50.2,150.0,27.4,452.7,0.17,1.14,114.1,4.6
2313.0,41.4,119.0,17.0,295.0,0.52,0.69,85.6,3.5
1881.0,19.9,104.0,21.2,123.7,0.35,1.04,80.9,1.9
4444.0,33.4,156.0,12.2,313.0,0.38,1.3,54.6,3.7
3315.0,51.3,156.0,16.6,478.6,0.49,1.98,85.3,4.9
4295.0,48.2,139.0,24.0,403.1,0.4,0.94,105.2,4.4
798.0,13.5,183.0,39.7,148.1,0.38,0.98,167.5,2.8
3872.0,87.0,122.0,39.9,638.6,0.12,1.76,175.7,6.4
2976.0,62.7,172.0,39.4,647.0,0.15,0.73,171.0,6.1
812.0,25.6,88.0,22.7,135.8,0.1,0.34,115.2,1.7
2771.0,20.7,161.0,12.4,200.0,0.22,1.13,58.4,2.7
3182.0,44.6,189.0,19.7,505.1,0.62,1.54,87.4,5.4
352.0,2.9,173.0,17.1,30.2,0.25,1.18,76.8,1.3
2208.0,21.4,144.0,10.4,184.3,0.32,0.95,62.5,2.1
3767.0,80.0,149.0,12.9,715.1,0.47,0.28,80.7,6.6
1541.0,34.1,119.0,23.6,243.2,0.38,0.97,113.7,2.6
2226.0,18.8,155.0,20.2,174.6,0.27,1.62,85.9,2.5
2158.0,38.9,165.0,15.4,384.7,0.47,0.38,87.3,3.5
1568.0,12.1,190.0,31.5,137.3,0.45,0.88,131.3,2.4
4157.0,101.1,134.0,20.7,814.2,0.58,0.81,107.2,8.0
3581.0,34.8,87.0,35.6,181.1,0.27,0.65,138.1,2.9
764.0,6.4,146.0,17.2,56.3,0.35,1.12,70.7,1.4
4488.0,86.2,93.0,26.2,481.5,0.35,1.22,109.0,5.0
3993.0,70.3,107.0,15.5,451.2,0.23,1.22,75.7,4.1
1492.0,11.0,116.0,24.9,76.5,0.05,0.51,101.2,1.2
3815.0,68.8,160.0,14.6,662.4,0.47,0.18,82.5,5.8
747.0,10.0,100.0,14.8,60.3,0.67,1.13,65.0,1.2
4496.0,60.2,98.0,28.4,354.6,0.43,0.75,115.5,4.2
3096.0,57.2,85.0,17.9,291.7,0.36,1.92,91.2,4.0
3031.0,26.5,176.0,15.2,280.3,0.24,1.94,64.2,3.1
680.0,6.0,156.0,37.9,56.0,0.65,2.0,147.7,2.7
4068.0,59.4,84.0,11.3,300.7,0.09,0.53,63.4,2.5
422.0,3.5,83.0,27.0,17.4,0.63,1.28,102.3,1.4
1311.0,26.5,141.0,26.4,224.8,0.66,1.44,117.6,3.3
901.0,35.3,111.0,17.5,235.5,0.36,1.38,95.4,2.5
3562.0,39.3,146.0,23.6,343.3,0.22,0.82,95.1,3.6
1132.0,8.1,128.0,12.6,62.3,0.52,1.64,57.6,1.9
4125.0,140.1,182.0,31.6,1526.1,0.53,1.0,140.6,8.0
3056.0,62.5,112.0,16.7,418.6,0.44,1.06,79.8,4.5
452.0,5.3,155.0,15.8,49.5,0.1,0.23,64.6,0.7
323.0,2.7,86.0,19.4,14.1,0.68,1.32,72.2,1.0
517.0,14.7,185.0,37.1,163.0,0.32,0.87,150.0,2.5
2845.0,40.4,188.0,33.9,455.2,0.52,1.23,127.3,5.2
3666.0,33.1,161.0,38.4,319.9,0.07,1.12,143.5,3.7
1302.0,19.2,131.0,29.6,151.3,0.1,1.09,137.7,2.0
3868.0,82.8,104.0,29.9,517.6,0.14,0.98,117.6,4.8
540.0,11.4,169.0,24.4,115.7,0.56,1.39,108.7,2.0
3664.0,50.8,161.0,37.2,490.5,0.67,0.9,165.1,6.0
4197.0,52.4,104.0,25.3,328.1,0.09,0.27,112.3,3.3
3543.0,28.5,130.0,20.7,222.0,0.44,1.28,84.5,3.0
3232.0,32.7,131.0,29.2,256.8,0.7,0.6,117.4,3.6
3820.0,36.6,171.0,26.4,375.2,0.06,0.34,112.2,3.5
469.0,3.4,155.0,13.7,31.6,0.68,0.49,76.8,0.4
1147.0,15.9,151.0,21.8,143.4,0.26,1.14,94.6,1.5
825.0,11.6,151.0,19.4,105.0,0.73,0.95,85.3,1.9
2419.0,18.4,110.0,35.4,121.4,0.3,0.07,122.6,1.9
3430.0,64.4,121.0,21.4,467.0,0.43,0.81,101.2,4.9
2946.0,27.0,85.0,34.6,138.0,0.33,1.58,123.3,2.7
3875.0,34.7,167.0,23.3,346.4,0.21,0.77,94.0,3.2
952.0,26.3,128.0,32.6,201.1,0.21,0.92,131.6,2.3
3385.0,42.9,128.0,14.1,330.3,0.33,1.52,81.8,3.7
1111.0,23.1,107.0,37.7,148.4,0.47,1.4,149.5,2.5
1437.0,31.0,103.0,24.4,191.8,0.64,1.51,114.4,3.1
3282.0,41.9,145.0,17.8,363.6,0.31,0.39,72.4,3.2
4417.0,75.8,106.0,17.2,480.1,0.66,1.87,87.5,6.1
2868.0,24.6,87.0,18.0,128.6,0.73,1.32,70.3,2.8
529.0,4.1,164.0,21.0,40.3,0.46,2.23,84.4,1.7
2888.0,24.6,121.0,31.5,179.4,0.4,0.61,141.0,3.0
478.0,8.6,122.0,38.5,62.8,0.51,0.12,162.3,1.5
4013.0,71.0,127.0,30.1,542.9,0.16,1.0,126.7,5.1
3280.0,60.4,170.0,26.4,615.0,0.18,0.86,142.0,5.7
1027.0,25.3,115.0,23.5,175.3,0.32,1.33,101.7,1.8
685.0,5.1,163.0,34.8,50.3,0.27,1.54,140.8,2.0
1071.0,15.0,183.0,35.5,165.4,0.5,0.96,130.6,2.5
4416.0,86.9,153.0,18.8,795.8,0.36,0.88,90.6,7.1
2226.0,18.2,127.0,38.6,139.1,0.79,1.26,134.4,2.9
3593.0,50.7,162.0,21.9,493.3,0.15,0.87,101.4,4.3
2973.0,102.4,130.0,34.0,800.8,0.42,0.83,144.9,7.0
2704.0,62.0,126.0,39.0,467.1,0.3,1.52,155.8,5.4
910.0,9.2,138.0,31.1,76.3,0.64,1.63,133.5,1.9
4273.0,37.1,115.0,14.8,256.2,0.8,1.54,65.7,4.3
1566.0,31.8,91.0,27.6,174.4,0.2,0.92,123.5,2.5
2728.0,20.9,126.0,13.6,157.6,0.08,0.07,70.4,1.2
3239.0,26.4,94.0,33.7,148.1,0.31,0.93,117.5,2.3
3027.0,24.7,125.0,18.4,185.4,0.42,0.62,74.6,2.6
4250.0,83.0,141.0,30.9,703.9,0.2,0.94,131.5,6.5
923.0,30.0,182.0,37.3,328.0,0.3,0.66,159.8,3.8
2435.0,19.5,84.0,15.4,98.4,0.31,0.99,82.0,1.9
1997.0,33.2,148.0,21.8,295.4,0.64,0.48,99.0,3.3
2292.0,23.8,130.0,29.4,186.3,0.13,0.36,117.2,2.1
801.0,7.1,82.0,22.6,35.1,0.23,1.61,88.4,1.2
863.0,21.7,107.0,15.2,140.0,0.37,0.52,85.5,1.6
1468.0,12.8,93.0,10.9,71.4,0.44,1.0,55.2,1.2
1580.0,11.9,104.0,22.2,74.0,0.63,1.48,88.9,1.9
2097.0,19.3,110.0,29.5,127.5,0.35,1.46,117.3,2.6
2866.0,37.8,124.0,27.2,281.9,0.3,1.4,120.2,3.9
2965.0,23.6,138.0,14.7,195.4,0.13,1.15,63.6,2.2
2030.0,23.7,80.0,23.5,113.9,0.4,1.36,96.2,2.6
2017.0,18.2,98.0,21.1,107.0,0.28,1.69,94.3,1.9
1214.0,10.2,90.0,18.2,55.1,0.2,1.21,56.2,0.6
2771.0,24.9,140.0,31.9,210.1,0.27,0.08,120.5,2.6
1632.0,28.1,116.0,19.3,195.8,0.21,0.74,83.8,1.9
451.0,11.7,140.0,26.2,98.6,0.2,1.35,127.7,1.9
2057.0,39.3,104.0,37.7,245.9,0.25,0.69,149.2,2.7
2291.0,27.7,83.0,26.2,137.2,0.29,1.81,106.9,2.3
1247.0,15.0,184.0,28.5,165.3,0.24,0.97,118.4,1.9
2704.0,29.4,92.0,12.2,162.1,0.57,1.04,60.5,2.4
2676.0,38.0,94.0,15.3,214.2,0.39,1.56,75.3,2.8
3248.0,28.1,96.0,13.0,162.2,0.14,0.91,65.1,1.8
3021.0,23.2,188.0,32.9,262.1,0.19,1.09,122.5,3.5
3040.0,57.0,148.0,35.1,505.6,0.2,1.45,140.8,5.3
1628.0,14.8,147.0,15.6,131.0,0.96,0.26,65.4,1.6
3607.0,35.0,189.0,16.6,396.3,0.31,0.86,68.4,3.9
2606.0,30.6,90.0,19.7,164.8,0.39,1.41,90.7,2.6
2112.0,45.2,187.0,27.7,508.1,0.07,1.03,124.2,4.5
2929.0,25.2,102.0,28.7,154.6,0.29,1.73,102.8,2.7
1815.0,13.4,149.0,30.6,119.4,0.72,0.21,123.7,2.3
2454.0,22.7,126.0,37.2,172.0,0.24,0.15,148.8,2.2
3394.0,26.0,122.0,18.9,190.7,0.66,1.38,88.5,3.5
4023.0,29.1,182.0,29.8,318.7,0.21,1.43,116.9,4.1
4168.0,63.7,96.0,26.8,368.2,0.38,0.9,121.0,4.2
2415.0,24.5,190.0,19.2,279.4,0.45,1.2,104.1,3.2
2485.0,31.3,122.0,37.2,228.3,0.26,1.37,144.8,3.3
3659.0,26.4,151.0,12.9,240.0,0.36,0.59,52.0,2.4
1621.0,45.3,186.0,31.4,506.7,0.59,0.65,122.7,4.4
3817.0,52.7,86.0,31.8,273.0,0.66,1.09,145.1,4.5
2375.0,18.9,182.0,37.5,205.8,0.71,1.45,155.2,4.3
787.0,13.6,142.0,25.6,116.6,0.32,0.42,105.7,1.5
603.0,5.2,157.0,19.6,49.3,0.54,0.9,79.7,1.1
3836.0,55.6,96.0,34.8,321.5,0.25,0.88,138.5,3.4
533.0,3.9,139.0,33.1,32.2,0.74,1.21,135.1,1.8
1479.0,11.7,154.0,25.0,108.0,0.22,1.0,90.7,1.7
1703.0,28.6,130.0,33.0,223.0,0.53,0.73,121.0,2.8
1027.0,9.0,97.0,18.0,52.6,0.29,1.62,98.0,1.6
1618.0,25.4,107.0,27.7,162.8,0.25,0.73,121.5,2.3
3419.0,36.1,174.0,36.0,376.8,0.15,0.85,144.5,3.7
362.0,3.6,84.0,19.5,18.1,0.58,0.2,85.8,0.7
3774.0,31.3,158.0,24.5,297.1,0.15,0.64,104.1,3.3
3898.0,140.1,190.0,38.5,1597.0,0.59,1.26,147.0,8.0
1863.0,37.0,81.0,33.9,179.6,0.59,1.16,134.4,2.9
945.0,8.8,98.0,36.6,51.9,0.43,1.3,142.0,1.9
2824.0,31.4,154.0,21.6,290.8,0.75,1.28,77.3,4.2
803.0,9.8,87.0,39.9,50.9,0.64,2.04,152.9,2.1
1833.0,58.5,145.0,14.6,508.2,0.09,0.63,79.0,4.1
4325.0,66.5,155.0,25.6,619.3,0.44,0.19,109.6,5.7
4481.0,36.0,145.0,24.4,312.5,0.6,0.47,94.9,4.3
3543.0,124.1,120.0,34.0,894.7,0.31,0.65,136.4,7.5
1606.0,22.8,157.0,37.3,213.9,0.36,0.51,134.1,2.6
3188.0,23.8,145.0,31.9,208.0,0.47,1.05,123.3,3.7
3263.0,105.8,103.0,28.8,652.6,0.36,1.63,125.1,6.1
1929.0,17.3,142.0,22.8,147.7,0.27,1.77,85.3,2.4
2992.0,54.8,177.0,25.3,581.7,0.15,1.25,113.3,5.6
345.0,2.8,153.0,25.3,25.5,0.78,2.07,99.8,1.8
1178.0,10.6,132.0,10.6,84.1,0.34,0.82,53.6,0.9
2505.0,19.7,115.0,25.1,136.7,0.48,0.18,84.0,1.7
988.0,19.8,89.0,35.7,106.4,0.28,1.53,152.2,2.2
997.0,11.6,107.0,31.3,74.3,0.56,0.08,117.3,1.4
3812.0,33.3,81.0,33.9,162.1,0.37,0.62,131.7,2.9
4454.0,83.6,189.0,21.7,946.1,0.63,1.26,95.0,8.0
2635.0,51.1,104.0,25.9,320.5,0.45,0.95,111.9,3.6
3824.0,136.0,170.0,11.0,1383.9,0.08,0.9,80.2,8.0
4459.0,33.0,99.0,21.5,195.0,0.21,0.41,92.7,2.3
895.0,8.4,111.0,24.2,56.0,0.42,0.99,110.6,2.0
2183.0,22.3,126.0,17.7,168.2,0.35,1.5,84.4,2.3
1949.0,17.6,116.0,10.9,122.3,0.6,1.01,61.6,1.7
636.0,7.4,168.0,30.7,74.4,0.59,0.58,111.1,1.2
3472.0,43.5,185.0,23.1,484.2,0.44,0.38,99.3,4.9
2122.0,27.7,176.0,22.5,292.6,0.29,0.6,98.6,2.9
2271.0,23.0,97.0,17.5,133.8,0.12,1.2,91.0,1.7
933.0,19.4,165.0,26.1,192.2,0.21,1.17,112.4,2.3
1060.0,8.3,96.0,23.1,48.2,0.27,0.6,97.1,0.9
4110.0,34.7,180.0,24.2,376.0,0.34,0.11,101.6,3.9
488.0,7.5,137.0,27.4,61.4,0.37,1.21,127.2,2.3
1278.0,14.0,117.0,10.2,98.0,0.19,0.55,57.8,1.2
1527.0,37.0,97.0,37.2,216.2,0.4,1.34,159.6,3.3
2359.0,17.2,81.0,12.1,84.1,0.12,0.62,44.7,0.9
2763.0,21.4,107.0,23.5,138.0,0.18,0.51,83.1,1.4
2372.0,18.1,181.0,16.2,196.1,0.35,1.08,54.0,2.5
653.0,10.3,168.0,25.7,104.0,0.22,2.18,119.1,2.4
1323.0,29.8,187.0,18.4,333.5,0.13,1.37,97.6,3.2
3843.0,77.9,91.0,35.8,425.5,0.72,1.07,154.3,6.2
2978.0,84.2,145.0,21.9,733.6,0.48,1.18,99.3,6.7
3026.0,78.0,108.0,29.2,506.6,0.26,0.12,123.0,4.7
3115.0,93.8,140.0,17.5,786.5,0.5,0.44,89.9,6.8
3504.0,25.2,115.0,10.6,174.5,0.52,0.26,64.6,2.4
544.0,16.2,111.0,22.1,108.3,0.4,1.86,119.3,2.0
1840.0,45.7,143.0,26.1,392.6,0.71,1.76,123.8,4.7
2566.0,21.4,100.0,23.8,128.4,0.19,1.2,100.7,2.3
1722.0,18.8,132.0,38.9,148.2,0.33,1.07,161.3,2.6
3847.0,33.7,152.0,31.2,306.8,0.62,0.22,120.7,4.3
2327.0,23.9,94.0,39.9,134.7,0.25,0.89,149.8,2.2
3528.0,27.9,182.0,18.9,305.3,0.7,1.9,80.3,4.7
3878.0,39.4,136.0,33.7,320.7,0.33,1.07,125.2,4.1
2420.0,28.5,170.0,26.7,290.5,0.33,0.72,111.2,2.9
4120.0,38.5,152.0,28.4,351.1,0.25,0.12,105.7,3.4
2766.0,36.2,158.0,39.6,343.2,0.32,1.69,163.4,4.8
3871.0,59.7,159.0,29.6,569.1,0.2,0.96,129.4,5.0
1730.0,22.0,176.0,37.0,232.3,0.52,0.12,157.9,2.8
2395.0,53.8,147.0,31.8,476.1,0.58,0.54,122.0,4.8
2532.0,21.7,111.0,13.8,144.1,0.29,0.36,82.0,2.3
741.0,13.5,91.0,31.0,73.5,0.74,0.93,118.3,1.6
1974.0,46.3,147.0,24.5,407.3,0.5,1.1,102.5,4.3
4153.0,77.9,87.0,37.6,407.9,0.06,0.75,147.2,4.1
2949.0,24.2,107.0,34.2,154.8,0.35,1.39,141.6,2.9
1046.0,16.6,87.0,13.1,86.3,0.7,1.04,74.4,1.6
1723.0,16.6,140.0,14.0,139.7,0.26,1.53,67.3,1.8
1105.0,8.9,98.0,12.1,52.4,0.09,0.82,53.8,0.7
404.0,11.9,147.0,24.8,105.2,0.67,2.52,103.3,2.0
4195.0,37.1,167.0,12.4,372.1,0.38,0.72,71.9,3.9
2182.0,36.1,170.0,31.7,369.6,0.41,0.55,138.8,4.2
1592.0,31.9,114.0,26.6,218.2,0.12,0.49,128.4,2.4
2814.0,27.0,140.0,35.1,227.4,0.5,0.89,139.8,3.8
331.0,2.6,142.0,18.4,21.7,0.28,0.14,58.3,0.4
1468.0,24.9,132.0,25.6,197.3,0.33,1.15,103.0,2.5
3253.0,36.0,152.0,13.5,328.2,0.81,0.05,73.4,3.8
2962.0,50.8,103.0,36.5,314.1,0.28,1.08,145.2,3.8
4424.0,49.8,188.0,15.3,561.4,0.44,0.32,71.0,4.8
2906.0,30.1,91.0,13.1,164.0,0.47,0.81,58.5,2.2
2306.0,24.2,171.0,16.2,248.8,0.68,1.3,85.0,3.5
3498.0,36.2,145.0,34.2,315.4,0.17,2.15,138.5,4.5
4094.0,101.0,107.0,13.2,648.0,0.33,0.46,80.1,5.7
3327.0,31.8,162.0,28.4,308.7,0.09,0.92,110.2,2.9
4345.0,42.4,89.0,32.4,226.9,0.31,0.64,129.7,2.9
3584.0,34.6,165.0,32.5,343.3,0.35,0.57,117.9,3.8
3941.0,117.6,145.0,15.7,1022.1,0.44,0.64,84.2,8.0
779.0,10.2,92.0,11.8,56.4,0.38,1.41,46.2,1.1
3376.0,46.9,89.0,23.5,249.5,0.37,0.76,91.7,3.2
2148.0,61.4,163.0,16.1,599.3,0.61,2.12,83.6,5.9
2623.0,51.9,112.0,31.0,349.2,0.27,1.21,150.5,4.3
3047.0,40.2,178.0,20.7,429.4,0.11,0.49,80.5,3.1
4373.0,39.6,164.0,23.5,389.3,0.23,0.82,88.6,4.2
4435.0,84.9,157.0,13.4,798.4,0.4,0.6,76.8,6.6
1511.0,12.5,111.0,27.0,83.3,0.24,1.4,122.6,2.2
3382.0,38.5,158.0,15.6,365.2,0.38,0.18,78.3,3.4
3450.0,30.7,184.0,30.4,339.3,0.3,0.33,125.9,3.6
1755.0,22.1,90.0,12.1,119.6,0.65,0.7,64.2,1.8
820.0,10.0,116.0,39.3,69.2,0.38,1.34,149.2,2.1
472.0,4.9,106.0,30.5,31.1,0.49,1.62,123.9,1.8
3565.0,27.1,123.0,15.5,200.2,0.67,1.69,64.4,3.8
2357.0,28.9,162.0,10.4,280.3,0.16,1.26,66.9,3.1
4439.0,51.7,132.0,20.0,410.3,0.35,0.96,78.4,4.4
2253.0,23.9,143.0,14.6,204.8,0.41,1.4,79.7,3.1
4407.0,40.1,115.0,16.6,275.9,0.39,0.43,76.8,3.3
2029.0,61.0,96.0,36.2,349.6,0.45,0.08,149.1,4.0
3633.0,43.1,109.0,28.1,282.8,0.12,1.22,104.1,3.2
656.0,8.2,175.0,15.3,85.5,0.25,0.5,69.0,0.8
2633.0,20.1,146.0,26.7,176.4,0.5,0.97,115.4,3.0
3669.0,44.9,122.0,17.7,327.3,0.17,1.06,82.6,3.4
4184.0,53.1,167.0,39.3,531.3,0.59,1.12,156.1,6.4
3755.0,27.7,87.0,11.0,144.6,0.57,1.47,47.8,3.0
455.0,5.9,108.0,32.0,38.4,0.3,1.42,130.5,1.8
1865.0,40.7,105.0,33.2,257.3,0.4,1.1,128.4,3.3
505.0,10.1,188.0,12.0,114.2,0.33,0.78,71.8,0.6
759.0,21.1,158.0,15.2,199.7,0.4,1.05,86.1,2.6
3136.0,125.1,148.0,21.5,1110.8,0.16,0.7,107.7,8.0
3296.0,44.1,81.0,36.0,213.3,0.44,0.9,136.9,3.2
3550.0,31.3,100.0,26.1,188.2,0.66,2.31,103.8,3.8
3935.0,36.0,150.0,29.7,323.7,0.41,1.09,122.8,4.1
3406.0,118.7,122.0,33.5,867.1,0.36,1.23,141.2,7.7
3664.0,40.5,182.0,34.8,441.0,0.41,0.65,135.6,4.7
506.0,11.8,164.0,24.3,116.5,0.41,1.51,126.5,2.0
1285.0,9.6,129.0,25.3,74.8,0.65,1.38,93.3,2.0
2912.0,65.8,162.0,31.5,641.5,0.37,1.38,142.9,6.8
3904.0,40.2,187.0,17.9,452.0,0.37,1.11,73.5,4.7
319.0,5.1,131.0,35.6,40.0,0.56,1.52,149.9,2.1
2461.0,24.9,151.0,10.6,225.3,0.21,1.64,64.8,2.5
3145.0,43.4,181.0,15.9,471.8,0.3,1.14,75.8,4.4
424.0,3.8,107.0,34.0,24.3,0.29,0.94,122.2,1.3
1986.0,38.5,178.0,20.2,410.5,0.69,1.45,81.2,4.3
4062.0,31.4,91.0,14.5,171.2,0.41,0.55,62.1,2.3
3121.0,37.8,151.0,15.6,343.4,0.33,0.64,81.8,3.6
1298.0,11.6,166.0,25.9,115.6,0.29,0.97,97.5,2.0
3882.0,31.6,148.0,35.4,280.1,0.29,0.13,135.6,3.3
1762.0,12.6,135.0,12.1,101.7,0.17,1.41,46.0,1.2
3884.0,76.5,148.0,10.9,679.1,0.42,0.52,65.4,5.7
1556.0,26.8,97.0,24.0,155.6,0.39,0.76,98.8,1.8
2779.0,51.7,104.0,38.7,321.5,0.12,0.89,155.1,3.7
1967.0,35.6,110.0,18.4,234.4,0.68,1.02,86.5,3.1
1454.0,15.8,146.0,38.8,138.3,0.28,0.83,140.8,2.2
4024.0,28.9,129.0,36.6,223.0,0.51,0.97,131.1,3.9
1088.0,7.8,107.0,18.5,50.2,0.34,0.97,70.9,1.2
656.0,7.7,177.0,34.5,81.5,0.49,0.78,127.1,1.8
1736.0,17.6,121.0,30.6,128.1,0.1,0.61,131.7,1.6
3314.0,26.7,129.0,25.4,207.1,0.51,1.54,99.7,3.4
3691.0,27.9,125.0,22.7,209.4,0.57,0.05,75.1,2.9
4495.0,92.8,100.0,34.5,556.8,0.24,0.9,138.0,5.9
1545.0,18.0,160.0,33.8,173.4,0.19,0.77,142.6,2.4
2013.0,16.7,129.0,32.7,129.4,0.34,1.21,120.5,2.5
875.0,14.6,82.0,39.9,71.7,0.41,0.27,170.8,2.1
2714.0,35.9,186.0,24.4,400.9,0.32,0.75,99.7,3.9
4490.0,32.5,170.0,34.2,330.5,0.09,0.95,132.7,3.8
3244.0,23.5,160.0,35.9,224.6,0.29,1.54,142.3,3.8
2800.0,21.7,176.0,16.3,228.3,0.33,1.17,76.5,3.1
1948.0,16.7,180.0,11.3,179.8,0.38,0.41,47.5,1.9
4144.0,74.1,117.0,22.1,520.5,0.45,0.76,94.9,5.8
2387.0,38.6,147.0,35.7,340.6,0.54,1.44,154.3,4.4
864.0,9.8,147.0,18.7,86.7,0.76,0.4,80.1,1.8
1835.0,20.5,109.0,31.0,134.6,0.42,0.96,133.6,2.7
582.0,7.0,104.0,10.2,43.9,0.58,1.0,56.8,1.2
1148.0,11.7,93.0,20.7,64.9,0.23,0.81,92.5,1.2
374.0,5.2,153.0,28.5,47.6,0.17,2.35,109.2,2.0
2204.0,19.8,166.0,13.9,197.4,0.68,0.79,62.9,2.9
2965.0,46.8,164.0,36.9,459.7,0.21,1.22,141.6,4.5
1742.0,27.6,115.0,14.7,190.3,0.5,0.62,79.4,2.2
2066.0,52.1,103.0,37.3,320.8,0.05,1.26,154.1,3.1
4329.0,92.7,130.0,16.5,722.4,0.64,1.44,89.5,7.4
3458.0,28.2,140.0,39.8,236.8,0.11,0.71,145.1,2.7
2572.0,33.7,181.0,28.1,366.1,0.59,0.97,111.2,4.2
1495.0,29.2,176.0,12.5,308.7,0.42,0.55,73.9,3.5
4067.0,36.2,181.0,12.0,392.7,0.54,0.43,53.2,4.5
1287.0,14.5,174.0,12.2,151.1,0.4,1.52,74.5,1.8
1666.0,60.7,186.0,27.7,678.3,0.5,0.72,123.6,6.1
4118.0,67.1,131.0,34.3,528.2,0.29,0.21,137.9,5.3
2524.0,55.7,85.0,22.1,284.6,0.52,1.88,107.6,3.9
3418.0,34.0,89.0,23.3,182.1,0.74,0.6,99.0,3.4
2781.0,49.1,123.0,27.7,362.2,0.53,0.88,106.8,4.2
3044.0,93.8,108.0,26.0,609.5,0.26,1.82,109.8,5.5
1557.0,49.7,99.0,30.6,294.5,0.58,0.93,141.8,3.4
1314.0,14.3,185.0,24.2,158.6,0.22,0.92,104.2,2.1
1654.0,60.2,101.0,31.4,366.4,0.19,0.39,123.0,3.4
953.0,7.8,186.0,39.9,86.5,0.37,0.18,152.2,1.6
3972.0,92.7,164.0,20.5,910.0,0.36,0.92,94.7,7.5
1490.0,15.7,151.0,10.4,142.0,0.43,1.18,52.0,1.8
2658.0,34.9,154.0,13.8,323.4,0.43,1.15,63.5,3.6
3626.0,47.8,116.0,26.6,333.7,0.62,0.76,121.7,4.5
3592.0,108.0,151.0,20.3,979.3,0.38,1.01,84.3,8.0
2141.0,18.3,101.0,38.2,110.1,0.56,0.08,137.9,2.1
2300.0,18.0,183.0,28.8,197.9,0.74,1.23,114.0,3.4
4478.0,170.5,113.0,25.6,1157.8,0.57,1.08,130.6,8.0
3133.0,68.8,108.0,33.9,446.1,0.47,1.99,146.2,5.7
3721.0,28.9,158.0,17.8,274.0,0.4,1.0,70.7,3.1
4091.0,46.4,152.0,34.6,423.6,0.67,0.53,149.7,6.0
3608.0,85.4,130.0,10.1,664.2,0.37,0.97,55.1,5.3
1078.0,22.3,150.0,28.6,200.2,0.48,0.84,126.4,3.0
2661.0,26.4,98.0,38.0,154.4,0.57,1.22,150.5,3.4
728.0,6.7,154.0,33.6,62.1,0.32,1.01,124.3,1.7
3042.0,32.4,110.0,35.6,213.3,0.11,0.37,145.4,2.9
4312.0,32.0,110.0,21.9,211.5,0.39,0.18,85.8,3.0
2453.0,30.0,98.0,34.7,176.0,0.5,1.13,144.4,3.0
2118.0,35.6,117.0,26.5,248.9,0.38,1.69,101.2,3.4
451.0,5.6,116.0,28.6,39.4,0.82,1.04,122.1,2.0
4331.0,65.3,130.0,11.8,508.9,0.45,1.41,64.4,5.0
733.0,14.4,101.0,16.0,87.3,0.53,1.51,92.9,2.3
473.0,15.6,101.0,26.5,94.8,0.53,1.13,120.0,1.9
1333.0,20.4,140.0,11.8,170.5,0.12,0.59,77.8,1.6
575.0,5.4,94.0,32.2,30.4,0.13,1.1,131.2,1.2
2211.0,81.5,156.0,35.2,762.2,0.71,1.6,147.6,7.5
2468.0,32.7,184.0,37.6,360.5,0.44,1.26,155.3,4.1
1613.0,16.3,127.0,13.1,124.0,0.39,1.37,73.3,1.8
514.0,5.4,179.0,38.2,58.0,0.35,0.77,151.7,1.6
769.0,6.7,91.0,12.0,36.6,0.29,0.9,43.0,0.5
1915.0,16.2,85.0,24.2,82.3,0.69,0.94,91.9,2.2
554.0,5.2,159.0,35.2,49.6,0.67,0.97,147.7,1.8
3232.0,87.8,164.0,12.1,862.3,0.3,1.58,63.2,6.9
1169.0,14.7,173.0,10.5,152.2,0.47,0.17,68.9,1.4
1569.0,16.6,86.0,10.7,86.0,0.66,1.02,65.9,1.8
1955.0,36.7,165.0,25.3,364.6,0.4,0.96,107.3,3.8
2050.0,68.6,121.0,34.3,499.5,0.21,0.31,129.5,4.2
307.0,6.1,113.0,13.8,41.2,0.46,1.34,72.1,1.1
771.0,10.0,99.0,13.7,59.2,0.28,0.64,89.0,1.1
3924.0,54.0,190.0,27.1,614.7,0.68,0.82,108.8,6.3
305.0,6.7,87.0,17.0,35.2,0.67,1.92,81.3,1.3
2434.0,20.3,171.0,31.9,208.4,0.54,1.5,116.1,3.5
2356.0,17.9,150.0,38.5,161.7,0.48,1.29,153.2,3.3
1699.0,35.3,161.0,33.0,340.5,0.38,1.19,136.4,3.9
2112.0,16.0,158.0,36.3,152.0,0.79,0.92,131.4,3.3
3578.0,132.3,174.0,25.6,1384.3,0.09,2.0,129.1,8.0
3833.0,29.2,100.0,35.0,175.4,0.3,1.4,136.8,3.0
1393.0,10.4,80.0,15.5,49.8,0.38,0.63,62.0,0.9
1654.0,62.7,146.0,12.1,548.7,0.49,0.3,64.8,4.7
1318.0,11.7,119.0,29.7,83.4,0.39,1.28,127.3,2.1
2315.0,17.0,94.0,11.6,95.2,0.5,0.97,56.6,1.7
3170.0,24.5,100.0,36.8,147.9,0.14,0.29,125.9,2.4
1259.0,9.2,116.0,30.7,64.4,0.44,1.21,103.6,1.6
1689.0,19.1,88.0,38.6,100.7,0.55,0.87,141.2,2.9
4208.0,123.8,86.0,19.4,640.7,0.45,1.27,87.1,6.1
504.0,4.1,181.0,24.6,44.5,0.2,1.22,83.9,0.9
2235.0,23.4,114.0,32.3,160.4,0.34,0.7,120.1,2.4
3289.0,34.4,188.0,17.3,387.7,0.24,1.32,73.6,3.7
932.0,12.8,186.0,26.3,142.6,0.42,0.75,109.4,1.8
499.0,5.5,96.0,29.8,31.6,0.27,0.78,135.2,1.9
880.0,20.6,159.0,39.4,196.4,0.16,0.73,157.4,2.7
4159.0,37.8,146.0,32.3,331.2,0.43,1.57,125.6,4.7
339.0,10.1,156.0,13.5,94.3,0.77,0.86,82.4,1.3
1091.0,10.0,91.0,24.3,54.4,0.17,1.69,99.4,1.4
431.0,3.5,101.0,27.7,21.3,0.63,1.89,113.3,1.9
765.0,9.6,88.0,14.4,51.1,0.46,0.63,76.4,0.6
2905.0,34.7,146.0,23.0,305.2,0.74,0.46,101.9,3.7
1315.0,21.6,189.0,18.5,244.2,0.16,1.52,112.3,2.9
2691.0,19.7,154.0,13.6,182.1,0.38,0.83,70.2,2.6
2779.0,25.4,158.0,25.4,241.3,0.62,0.57,96.1,3.2
3868.0,57.4,188.0,15.0,648.0,0.59,0.71,80.7,6.3
320.0,7.1,155.0,27.7,65.8,0.51,0.79,115.6,1.4
3884.0,77.3,84.0,15.1,391.5,0.34,1.65,84.3,4.7
2900.0,37.0,175.0,31.7,389.5,0.77,1.08,118.7,4.6
984.0,7.4,120.0,15.9,53.1,0.48,1.64,61.9,1.5
3546.0,32.4,80.0,36.9,156.5,0.61,1.25,144.4,3.6
3893.0,78.2,136.0,10.8,637.5,0.68,0.85,75.0,6.6
1368.0,11.0,183.0,25.7,121.3,0.47,0.8,107.6,1.8
4159.0,60.7,108.0,19.6,394.6,0.64,1.28,99.3,5.2
2209.0,18.0,134.0,16.8,144.5,0.41,1.41,78.2,2.3
2834.0,53.7,99.0,24.1,319.3,0.63,1.5,110.7,4.1
4436.0,46.1,86.0,35.3,239.0,0.1,0.87,134.4,2.6
1818.0,13.8,89.0,37.5,73.7,0.79,1.09,146.6,2.5
3715.0,68.0,160.0,19.1,652.4,0.16,1.29,101.1,5.7
1637.0,15.6,175.0,14.6,164.3,0.37,0.81,70.6,1.7
3657.0,26.4,96.0,31.6,151.7,0.84,0.43,119.4,3.5
2823.0,66.7,112.0,27.5,447.1,0.25,0.6,134.3,3.9
1209.0,34.4,101.0,16.0,209.2,0.72,0.88,85.9,2.5
2039.0,19.9,83.0,32.8,99.0,0.32,1.33,130.2,2.5
1634.0,25.5,141.0,25.6,215.6,0.25,1.63,116.1,3.1
628.0,18.9,157.0,29.6,178.2,0.44,0.32,129.0,2.1
425.0,5.3,151.0,20.8,48.5,0.43,0.7,88.0,1.1
1755.0,15.7,123.0,23.2,115.7,0.4,0.82,100.4,1.7
380.0,6.6,141.0,15.4,55.6,0.29,1.4,80.3,1.6
995.0,15.7,90.0,32.7,84.9,0.57,0.74,149.8,2.6
3346.0,27.4,97.0,14.7,159.2,0.38,0.79,75.0,2.4
3274.0,38.6,182.0,33.3,422.7,0.28,0.29,129.2,4.8
3402.0,27.9,164.0,33.9,274.2,0.61,1.24,136.2,4.2
1632.0,21.4,182.0,32.4,232.8,0.75,0.92,134.7,3.1
4038.0,30.0,181.0,10.6,325.5,0.64,0.67,64.2,3.9
2794.0,28.0,151.0,18.2,254.3,0.28,0.87,79.0,2.7
829.0,21.6,182.0,24.1,236.4,0.57,1.56,112.7,3.6
904.0,7.1,126.0,27.9,53.8,0.27,0.5,109.4,1.1
3211.0,39.5,80.0,37.6,190.6,0.11,0.58,148.5,2.4
1026.0,24.9,87.0,21.3,129.6,0.16,1.63,94.8,1.8
2431.0,57.1,92.0,36.3,315.4,0.21,1.04,154.2,4.0
4465.0,42.9,90.0,14.9,233.0,0.44,1.33,75.4,3.7
317.0,10.4,119.0,21.1,74.1,0.67,1.2,113.4,1.5
370.0,6.4,157.0,11.6,60.1,0.24,0.98,68.2,0.5
4471.0,108.8,167.0,32.3,1090.5,0.6,0.83,133.8,8.0
2755.0,36.4,145.0,14.5,316.4,0.09,1.42,81.4,3.5
833.0,11.5,96.0,17.7,66.1,0.62,1.58,79.4,1.8
4069.0,47.9,162.0,33.3,466.0,0.3,1.54,142.3,5.3
3998.0,69.9,119.0,26.0,499.5,0.3,0.41,123.4,5.3
2552.0,89.0,81.0,10.4,434.7,0.37,1.65,79.1,4.8
2912.0,30.4,111.0,10.1,202.5,0.46,0.82,60.9,2.5
1447.0,21.3,116.0,25.3,148.7,0.44,0.62,106.9,2.1
512.0,5.1,110.0,19.1,33.9,0.21,0.92,87.2,0.8
2797.0,74.6,169.0,15.4,757.8,0.43,1.42,86.7,6.6
1538.0,57.9,164.0,28.4,567.9,0.23,1.27,122.4,4.8
3087.0,57.6,157.0,16.9,541.3,0.12,0.87,96.6,4.2
3812.0,49.2,95.0,27.8,281.2,0.41,1.42,121.9,3.6
376.0,5.4,169.0,21.4,54.2,0.41,1.07,90.7,1.5
2802.0,23.7,154.0,15.6,219.8,0.13,0.71,87.3,1.9
1271.0,18.6,101.0,14.1,113.0,0.29,0.65,75.8,1.9
3970.0,46.2,151.0,17.1,419.1,0.1,1.21,73.1,3.5
1365.0,14.6,133.0,10.9,117.0,0.7,0.96,54.2,2.2
2865.0,104.2,128.0,19.2,801.9,0.17,0.31,109.4,6.2
2625.0,31.2,92.0,37.1,172.6,0.37,1.42,160.6,2.9
1964.0,30.4,137.0,34.9,249.7,0.37,0.76,150.2,3.6
3146.0,42.8,91.0,21.2,233.9,0.71,1.8,107.2,4.5
3348.0,91.6,98.0,27.3,539.3,0.07,0.3,131.5,4.3
2681.0,23.3,95.0,27.0,132.3,0.78,0.91,113.7,3.0
3485.0,26.1,185.0,34.9,290.0,0.61,0.65,134.2,4.0
4430.0,160.7,111.0,17.1,1073.8,0.43,0.51,94.9,8.0
2061.0,21.9,119.0,18.9,156.4,0.47,0.76,92.2,2.3
2461.0,21.8,115.0,19.1,151.1,0.41,1.89,78.1,2.5
352.0,6.1,179.0,11.2,65.5,0.16,1.07,73.1,0.6
3643.0,31.5,142.0,19.4,268.5,0.44,0.6,96.5,3.2
2485.0,25.4,181.0,36.3,276.3,0.51,0.09,140.0,3.6
2013.0,15.3,113.0,37.4,103.5,0.57,0.14,137.3,2.1
695.0,5.0,93.0,13.3,28.0,0.76,0.73,65.7,0.8
4037.0,135.1,141.0,23.7,1144.8,0.18,0.68,106.3,8.0
1959.0,25.7,118.0,21.4,182.1,0.56,0.89,86.6,2.4
3167.0,36.0,168.0,24.7,363.6,0.51,0.14,115.0,4.3
927.0,22.1,177.0,26.6,234.8,0.14,0.95,115.4,2.3
4339.0,68.1,132.0,10.6,539.6,0.21,1.51,64.5,5.0
1049.0,7.6,187.0,35.3,84.9,0.06,1.81,127.2,2.0
1138.0,42.4,141.0,39.2,357.9,0.17,0.05,171.7,3.6
3908.0,50.7,110.0,29.6,334.2,0.29,0.6,130.0,3.7
4133.0,33.9,134.0,29.8,272.1,0.13,0.57,115.2,2.8
1191.0,19.1,84.0,25.8,96.6,0.67,1.07,103.9,2.0
2273.0,28.4,168.0,20.0,286.5,0.06,0.39,89.3,2.3
3381.0,24.6,91.0,14.5,134.5,0.28,1.84,70.2,2.5
3989.0,50.1,114.0,27.5,342.6,0.15,1.02,117.6,3.8
1892.0,47.2,142.0,11.3,403.0,0.31,0.94,71.2,4.1
2471.0,79.9,85.0,34.7,406.0,0.43,1.8,148.2,5.0
3415.0,25.5,89.0,22.6,136.0,0.4,0.99,98.4,2.1
3371.0,60.7,157.0,22.4,569.9,0.52,1.2,103.1,6.1
3588.0,43.3,88.0,19.8,228.1,0.73,0.62,94.6,3.7
2694.0,76.0,132.0,39.1,604.3,0.07,0.31,151.8,5.6
739.0,10.0,117.0,15.2,70.6,0.46,0.69,98.2,1.7
4097.0,31.0,105.0,14.5,195.7,0.71,2.09,64.5,3.9
3935.0,47.5,101.0,15.0,287.4,0.21,1.32,77.1,3.3
3652.0,26.7,164.0,29.8,262.9,0.27,1.14,119.2,3.3
719.0,13.1,185.0,39.8,145.6,0.28,0.51,155.7,2.2
1158.0,14.0,95.0,17.1,79.9,0.37,1.46,82.2,1.8
3423.0,27.6,186.0,37.2,307.7,0.18,0.32,140.3,3.6
397.0,5.2,145.0,18.4,45.3,0.41,0.22,80.0,0.9
4413.0,77.2,151.0,29.4,697.7,0.34,0.72,129.1,6.6
1884.0,15.3,158.0,11.2,144.8,0.59,1.98,44.2,3.1
3321.0,47.6,157.0,24.9,449.3,0.38,1.95,123.1,5.1
4028.0,46.8,170.0,29.6,478.0,0.76,0.77,128.3,5.7
1957.0,14.3,133.0,26.1,113.9,0.22,0.66,108.0,1.4
1640.0,35.3,139.0,17.1,293.9,0.71,0.18,74.0,3.2
2857.0,47.9,116.0,34.9,332.2,0.13,1.04,136.2,3.6
2740.0,95.9,92.0,39.1,526.9,0.26,1.08,172.0,5.5
2018.0,28.8,153.0,23.8,264.7,0.46,1.39,138.8,3.5
2827.0,58.9,84.0,29.1,295.7,0.21,1.46,135.4,3.6
4229.0,41.0,110.0,33.7,271.2,0.45,0.9,140.7,3.9
2264.0,49.4,90.0,17.2,267.7,0.26,1.28,92.5,3.1
1126.0,11.0,101.0,35.9,66.5,0.14,0.65,132.8,1.5
1884.0,34.1,150.0,18.4,307.2,0.38,1.27,98.6,3.5
1955.0,29.7,149.0,33.3,265.7,0.12,0.75,127.8,3.0
851.0,13.1,126.0,13.4,99.0,0.33,1.23,63.3,1.3
984.0,9.2,90.0,18.7,49.4,0.28,1.19,73.4,0.8
3175.0,40.4,128.0,26.0,309.3,0.69,1.03,119.2,4.0
1726.0,25.9,119.0,25.7,184.9,0.37,1.4,112.0,3.4
4311.0,35.0,159.0,35.5,334.7,0.65,0.21,136.0,5.1
1323.0,14.6,144.0,39.9,125.7,0.19,0.47,153.9,2.4
715.0,14.4,134.0,13.2,116.1,0.73,0.86,65.8,1.4
3465.0,27.0,134.0,18.1,216.1,0.45,0.28,73.4,2.6
4000.0,62.1,186.0,20.7,694.3,0.23,0.8,91.7,5.7
1468.0,49.8,163.0,24.4,487.6,0.28,0.81,102.3,4.0
1149.0,14.0,135.0,24.8,113.4,0.41,1.65,103.1,2.0
1080.0,27.5,133.0,35.7,219.1,0.5,1.07,139.7,3.3
2492.0,47.5,83.0,33.1,236.5,0.18,1.51,142.7,3.5
2267.0,20.4,184.0,10.6,225.3,0.72,1.15,62.5,2.8
1390.0,34.7,115.0,23.7,239.7,0.18,0.73,99.3,2.4
490.0,4.2,108.0,28.5,27.0,0.1,1.07,111.3,1.3
2322.0,17.5,190.0,23.8,199.4,0.22,1.36,111.1,2.6
4329.0,45.7,159.0,13.9,436.0,0.81,1.6,62.5,5.8
3041.0,28.5,85.0,21.9,145.7,0.31,0.93,97.6,2.4
2381.0,22.2,87.0,22.3,115.8,0.31,0.18,96.3,1.7
765.0,5.5,83.0,15.6,27.3,0.51,0.14,77.9,0.7
1360.0,21.2,146.0,32.7,185.3,0.38,0.84,137.3,2.5
1538.0,35.2,88.0,19.6,185.4,0.63,0.17,92.8,2.1
3512.0,41.5,183.0,27.7,454.5,0.18,1.9,116.4,4.5
3982.0,46.1,183.0,25.5,506.7,0.69,1.3,109.2,5.7
4087.0,89.9,140.0,36.3,755.5,0.54,0.68,148.7,7.5
4435.0,46.4,148.0,13.7,411.9,0.01,0.45,58.8,3.2
4426.0,166.2,112.0,13.4,1118.2,0.45,1.51,88.9,8.0
4303.0,32.7,87.0,19.0,170.6,0.29,0.44,89.6,2.4
602.0,10.9,161.0,22.9,104.9,0.44,0.49,96.7,1.6
879.0,29.7,91.0,19.0,162.7,0.17,0.62,93.8,1.3
1579.0,42.2,89.0,32.9,226.2,0.62,1.06,137.8,3.2
2622.0,49.8,114.0,17.4,341.5,0.69,1.31,78.4,4.5
707.0,12.5,81.0,12.5,61.1,0.21,1.6,56.7,1.3
3852.0,133.9,128.0,22.4,1026.2,0.46,1.52,102.0,8.0
2890.0,50.6,158.0,33.2,479.2,0.43,1.0,134.8,5.2
2578.0,54.6,168.0,35.5,551.2,0.25,1.51,135.0,5.3
994.0,14.5,146.0,32.0,127.5,0.36,0.66,133.5,2.2
1364.0,19.7,173.0,26.7,204.5,0.39,0.09,124.5,2.2
973.0,15.2,125.0,31.7,113.8,0.28,0.66,138.7,1.9
3878.0,61.8,173.0,30.4,643.3,0.65,0.6,127.0,6.6
2754.0,78.0,136.0,17.0,634.9,0.37,0.68,74.5,5.3
3388.0,121.4,105.0,26.5,761.6,0.52,0.52,126.4,6.9
1543.0,32.0,184.0,33.1,352.9,0.43,0.77,139.9,3.8
1859.0,16.6,110.0,19.5,109.8,0.21,1.31,89.0,1.5
2000.0,14.4,83.0,29.6,71.6,0.51,1.86,129.4,2.7
3492.0,26.5,107.0,24.4,169.6,0.34,0.14,91.9,2.3
3544.0,42.7,120.0,25.1,308.3,0.71,0.36,84.9,3.6
1169.0,13.6,119.0,12.7,96.6,0.52,0.6,59.3,1.5
4254.0,69.5,138.0,30.0,574.6,0.8,1.38,130.7,7.1
807.0,7.1,177.0,36.0,75.2,0.72,0.9,138.2,2.0
4064.0,36.0,112.0,14.2,242.1,0.25,0.64,58.9,2.7
722.0,5.9,137.0,21.0,48.7,0.24,1.36,77.5,1.3
1411.0,11.0,117.0,11.5,77.7,0.1,1.48,54.6,1.5
3855.0,51.4,170.0,10.9,525.9,0.24,0.99,53.6,4.4
1054.0,9.3,97.0,39.7,54.4,0.41,0.59,154.2,2.0
2037.0,17.3,91.0,24.8,94.9,0.39,1.14,98.4,2.0
2189.0,36.2,135.0,20.7,294.0,0.18,0.88,92.0,3.0
1330.0,10.1,154.0,18.2,93.1,0.41,0.88,72.5,1.5
3283.0,91.6,168.0,39.4,920.4,0.47,0.74,162.8,8.0
3876.0,27.8,145.0,17.6,241.7,0.37,1.46,75.7,3.4
3973.0,35.0,165.0,31.8,346.6,0.2,1.12,126.2,3.8
1725.0,48.3,123.0,18.5,356.9,0.62,1.52,95.3,3.9
2530.0,25.2,84.0,12.1,126.3,0.42,1.67,63.1,2.2
1343.0,46.4,93.0,30.5,258.5,0.34,1.23,125.0,3.0
1328.0,11.7,84.0,10.0,59.1,0.21,0.75,49.3,0.6
977.0,8.4,116.0,30.3,58.3,0.85,1.52,116.2,1.6
4248.0,45.1,135.0,17.5,363.6,0.49,1.23,98.4,4.2
4030.0,32.6,119.0,32.4,233.3,0.21,2.3,114.3,4.1
3565.0,98.3,142.0,33.1,835.8,0.4,1.16,137.1,7.5
2474.0,43.6,133.0,31.7,347.7,0.46,1.35,133.8,4.7
2361.0,32.5,155.0,10.7,301.4,0.36,1.15,61.0,3.1
2525.0,84.5,153.0,31.1,777.5,0.47,0.95,143.7,7.1
2554.0,33.4,115.0,39.7,230.2,0.19,0.87,153.1,2.7
2125.0,38.3,118.0,17.3,271.3,0.28,1.15,85.1,2.9
853.0,12.2,144.0,18.2,105.4,0.47,1.26,94.3,2.3
828.0,11.2,146.0,34.4,97.9,0.66,1.58,153.5,2.9
4299.0,34.1,115.0,14.8,234.4,0.24,1.15,79.7,3.0
2325.0,41.4,116.0,29.8,289.3,0.5,0.77,125.9,3.3
4303.0,33.7,156.0,32.7,315.9,0.57,0.84,124.9,4.3
987.0,13.3,151.0,11.1,121.0,0.53,0.34,64.8,1.1
2629.0,41.9,95.0,26.6,238.6,0.26,1.83,116.9,3.6
1172.0,14.2,129.0,27.3,109.2,0.88,0.73,108.1,2.5
1363.0,18.7,178.0,19.1,199.6,0.22,1.48,97.7,2.6
426.0,7.8,84.0,36.3,39.3,0.39,1.14,149.6,1.6
800.0,9.7,174.0,14.9,100.8,0.24,1.15,74.8,1.8
4151.0,97.8,98.0,20.9,574.6,0.36,0.94,90.4,5.2
1650.0,25.2,136.0,35.5,205.4,0.36,0.61,144.1,2.8
2854.0,31.7,127.0,15.7,240.9,0.17,0.52,61.6,2.3
2253.0,31.1,81.0,34.6,151.2,0.13,1.86,135.3,2.5
1982.0,16.6,181.0,12.4,179.4,0.28,1.06,57.1,1.8
2534.0,46.5,130.0,24.7,362.6,0.35,1.56,113.1,4.0
1086.0,8.0,185.0,12.3,88.3,0.59,1.69,73.8,2.2
4452.0,38.6,112.0,30.3,258.5,0.25,0.79,124.4,3.8
3737.0,27.4,175.0,33.7,288.4,0.33,1.21,139.0,4.0
3415.0,28.1,181.0,35.5,306.3,0.33,1.02,140.5,3.9
2269.0,54.9,141.0,39.4,465.1,0.39,0.42,169.0,4.7
942.0,11.0,102.0,30.2,67.6,0.63,0.91,138.5,1.9
4167.0,93.5,155.0,33.1,872.0,0.49,1.29,133.3,8.0
1734.0,14.6,140.0,25.2,122.6,0.31,0.75,96.3,1.8
510.0,5.5,184.0,37.4,61.1,0.6,0.84,151.1,1.9
1738.0,31.4,128.0,29.3,242.0,0.13,0.91,125.5,2.7
3637.0,27.6,110.0,36.5,181.2,0.29,2.06,138.8,3.4
2915.0,76.2,95.0,17.1,435.5,0.51,0.08,86.9,4.1
3454.0,38.4,157.0,24.9,361.7,0.47,1.25,101.4,4.3
3633.0,33.7,187.0,31.9,378.0,0.26,0.87,138.8,4.1
1190.0,37.5,83.0,16.1,186.8,0.27,0.68,77.9,2.1
4180.0,44.6,161.0,16.3,431.9,0.14,0.86,83.7,3.4
2140.0,18.0,182.0,39.3,196.6,0.33,1.33,152.3,3.6
2984.0,91.1,88.0,23.0,482.1,0.19,1.36,96.2,4.5
310.0,3.7,92.0,15.5,20.4,0.23,1.09,70.2,0.9
4472.0,81.7,156.0,19.9,765.3,0.37,1.55,90.3,7.3
1480.0,14.6,151.0,21.9,132.7,0.79,1.63,99.5,2.5
561.0,14.5,88.0,28.7,76.2,0.48,1.41,123.1,1.7
2225.0,16.8,172.0,37.7,172.7,0.42,0.73,140.0,2.5
842.0,6.6,138.0,39.6,54.3,0.08,1.25,135.9,1.6
940.0,20.3,180.0,29.6,218.5,0.33,1.25,146.2,3.2
2956.0,47.5,177.0,31.0,503.6,0.83,0.59,130.4,5.6
1950.0,21.1,169.0,19.7,214.1,0.33,0.22,93.0,2.4
4172.0,38.8,137.0,35.7,318.2,0.55,0.01,133.8,3.7
1640.0,21.6,108.0,16.5,139.6,0.37,1.03,76.3,1.8
3350.0,78.0,136.0,13.2,634.5,0.5,1.15,91.1,6.3
2237.0,60.5,91.0,39.2,330.6,0.55,0.41,144.6,3.9
3072.0,21.9,152.0,35.9,200.8,0.61,1.52,136.2,3.7
2819.0,36.4,95.0,19.1,207.1,0.04,1.08,79.9,2.0
2286.0,18.2,136.0,30.3,149.1,0.05,1.67,114.8,1.6
4290.0,53.3,86.0,24.0,275.0,0.32,1.19,99.7,3.3
1739.0,13.3,113.0,19.7,89.9,0.69,0.47,75.5,1.9
1044.0,29.8,106.0,18.6,188.4,0.5,1.23,94.6,2.3
3148.0,82.6,148.0,14.1,734.5,0.41,1.34,58.8,6.2
3853.0,29.2,167.0,26.5,291.9,0.27,0.73,102.4,2.7
469.0,3.5,86.0,23.4,18.1,0.35,0.28,94.1,0.3
2188.0,35.8,174.0,25.4,372.4,0.17,1.05,101.1,3.8
4048.0,61.5,175.0,16.5,644.4,0.91,0.5,94.9,7.2
3448.0,44.8,118.0,38.2,316.0,0.26,1.56,145.8,3.8
4466.0,61.3,152.0,29.2,560.8,0.17,0.8,120.5,5.0
2532.0,54.0,124.0,37.0,403.0,0.28,1.86,146.6,4.7
3072.0,23.9,97.0,13.3,139.3,0.63,0.06,62.6,1.9
1570.0,29.0,138.0,28.7,240.5,0.58,1.07,134.1,2.9
4280.0,40.3,89.0,35.5,216.6,0.68,1.71,157.4,4.8
1839.0,56.2,177.0,19.9,595.5,0.25,0.55,104.8,5.1
3402.0,115.5,182.0,15.9,1258.8,0.55,0.92,95.0,8.0
1993.0,19.9,170.0,18.0,203.4,0.36,0.8,96.1,2.7
2660.0,41.6,142.0,18.2,353.8,0.48,0.66,90.6,3.3
3323.0,33.1,141.0,23.4,280.7,0.13,1.12,112.4,3.1
2438.0,68.1,188.0,19.8,769.0,0.52,0.35,104.3,6.4
4110.0,30.6,107.0,18.1,197.1,0.85,0.94,79.1,4.0
2061.0,18.6,88.0,29.5,98.4,0.25,1.26,120.4,2.0
3018.0,24.0,142.0,11.6,204.2,0.13,0.89,43.7,1.8
1738.0,42.7,116.0,20.2,297.7,0.91,0.5,100.9,2.8
2014.0,32.6,115.0,30.7,225.7,0.56,1.52,116.6,3.7
2148.0,31.9,81.0,15.3,154.6,0.53,1.37,65.8,2.4
828.0,9.5,146.0,16.6,83.4,0.73,0.48,81.7,1.0
685.0,11.6,109.0,16.0,75.8,0.66,0.35,73.5,1.2
3103.0,97.1,101.0,10.0,586.3,0.27,0.52,67.2,4.6
3053.0,45.3,84.0,24.2,229.5,0.16,1.27,108.5,2.7
3084.0,56.8,120.0,11.2,409.4,0.65,1.14,69.1,4.4
383.0,5.5,177.0,18.2,58.5,0.23,1.4,80.6,1.4
1671.0,35.1,117.0,39.8,246.3,0.2,0.84,167.5,3.0
1131.0,20.5,155.0,37.6,190.4,0.74,0.54,151.2,2.6
3568.0,36.7,163.0,16.5,359.9,0.2,1.46,81.6,4.0
3915.0,56.2,116.0,19.3,391.6,0.34,0.72,81.7,3.9
1336.0,20.6,170.0,23.9,211.0,0.73,1.09,105.4,2.9
3105.0,35.9,156.0,35.3,336.6,0.09,0.23,148.9,3.5
843.0,7.4,142.0,34.1,62.9,0.78,0.72,139.8,1.7
1456.0,21.2,80.0,13.8,102.0,0.09,1.5,67.5,1.4
882.0,9.5,84.0,13.7,48.0,0.29,0.64,65.7,0.9
1491.0,11.0,189.0,22.5,124.2,0.14,1.41,83.7,1.4
3134.0,36.9,166.0,36.1,367.2,0.35,0.17,137.5,4.0
4123.0,31.8,183.0,36.5,349.5,0.4,0.72,126.0,4.1
1151.0,9.9,179.0,13.2,106.4,0.16,0.91,63.8,1.5
2577.0,81.2,82.0,27.2,400.5,0.38,1.87,127.4,4.9
3246.0,43.7,167.0,14.7,437.7,0.18,0.42,69.5,3.7
4302.0,40.9,130.0,30.6,317.8,0.41,1.34,121.3,4.0
2862.0,20.7,167.0,37.5,206.9,0.2,1.53,137.4,3.1
1371.0,17.6,81.0,23.6,85.5,0.43,0.64,112.4,1.4
2927.0,82.1,112.0,12.5,550.0,0.15,0.81,69.7,4.4
1646.0,18.4,163.0,27.4,179.2,0.38,1.07,109.6,2.0
4400.0,111.2,167.0,22.3,1116.1,0.18,0.26,98.5,8.0
1979.0,17.8,148.0,34.3,157.9,0.28,0.77,124.0,2.6
3179.0,38.1,113.0,20.2,258.8,0.45,1.64,96.4,3.7
398.0,3.7,114.0,36.2,25.2,0.18,1.26,138.7,1.4
1980.0,15.8,186.0,18.2,177.2,0.05,0.92,80.0,1.6
3975.0,40.8,128.0,14.7,314.5,0.04,1.06,82.7,2.6
2863.0,30.0,129.0,19.2,232.5,0.41,1.29,97.8,3.2
2165.0,19.4,141.0,11.0,163.5,0.58,1.39,45.4,2.4
4231.0,34.7,125.0,18.4,260.4,0.68,0.72,85.9,4.4
3887.0,31.1,141.0,29.8,262.8,0.6,1.77,118.4,4.4
1653.0,56.6,128.0,14.3,433.5,0.26,1.66,77.6,4.1
2587.0,29.1,171.0,13.3,298.3,0.89,1.34,72.0,3.8
2357.0,47.3,180.0,14.0,510.5,0.69,0.58,63.4,4.6
2955.0,23.8,183.0,12.3,261.1,0.68,0.49,72.6,3.3
1703.0,17.1,142.0,36.2,145.8,0.22,0.84,145.1,2.3
1326.0,18.1,129.0,38.3,139.5,0.55,1.03,144.7,2.5
4133.0,88.6,158.0,11.4,838.0,0.42,0.12,64.8,6.8
4180.0,65.3,172.0,32.8,675.0,0.23,1.25,121.7,6.6
3842.0,36.3,142.0,32.1,308.8,0.75,1.64,124.4,5.2
4408.0,90.9,157.0,39.9,856.2,0.16,1.29,156.6,7.9
3429.0,95.9,162.0,20.4,934.7,0.17,0.66,89.4,7.3
3512.0,27.6,154.0,18.6,255.9,0.47,0.6,86.6,3.5
3503.0,31.0,162.0,23.6,301.8,0.26,1.15,108.8,3.4
2319.0,48.3,103.0,35.7,298.5,0.24,0.92,146.8,3.5
2217.0,37.8,135.0,31.9,306.0,0.26,1.22,130.7,3.5
1309.0,9.6,145.0,24.1,83.1,0.57,1.3,100.2,2.1
3008.0,28.3,80.0,17.3,136.1,0.8,1.55,79.4,3.4
1515.0,15.9,174.0,31.8,166.3,0.46,0.43,118.9,2.3
1383.0,22.9,147.0,35.6,202.1,0.45,1.11,139.8,3.2
2761.0,46.5,94.0,22.0,262.7,0.4,0.82,99.1,3.0
2022.0,68.4,170.0,30.1,697.2,0.39,0.95,133.7,6.5
1219.0,11.2,159.0,22.0,106.8,0.58,1.43,94.2,2.3
3727.0,124.4,163.0,24.4,1219.6,0.1,1.49,115.1,8.0
3914.0,153.2,123.0,25.7,1131.4,0.32,1.7,106.4,8.0
1004.0,9.2,174.0,33.3,96.3,0.17,1.21,135.5,2.1
332.0,2.5,126.0,39.3,18.6,0.36,0.94,145.7,1.2
1712.0,15.3,143.0,23.3,130.9,0.45,0.87,118.3,2.3
3650.0,46.1,80.0,20.3,221.3,0.41,0.13,89.9,2.8
3825.0,47.3,151.0,21.2,428.2,0.75,1.67,98.3,5.4
881.0,11.7,159.0,14.0,111.8,0.6,0.84,96.2,1.9
3552.0,57.0,142.0,18.9,486.8,0.05,1.25,92.7,3.9
786.0,9.2,135.0,12.6,74.7,0.46,1.34,67.0,1.3
1938.0,26.0,169.0,22.8,263.7,0.68,0.38,94.0,3.0
4494.0,47.9,155.0,15.0,445.5,0.52,0.54,86.2,4.7
1109.0,8.6,111.0,20.4,57.4,0.71,1.77,76.7,1.8
947.0,6.8,185.0,33.8,75.6,0.49,1.15,130.7,2.0
2076.0,61.0,158.0,17.4,577.1,0.65,0.71,86.7,5.0
2903.0,41.9,189.0,28.4,474.6,0.46,0.94,118.8,5.1
4218.0,92.1,187.0,37.0,1032.9,0.43,1.54,140.3,8.0
4419.0,67.5,181.0,27.0,733.1,0.48,1.47,127.3,8.0
592.0,10.2,163.0,15.8,99.9,0.27,0.27,79.7,1.0
880.0,19.5,147.0,20.3,172.2,0.22,1.82,88.6,2.1
3621.0,32.1,99.0,27.7,190.5,0.44,1.48,121.8,3.2
1437.0,17.5,140.0,25.2,146.8,0.28,0.92,104.3,2.3
4016.0,30.7,164.0,14.5,302.7,0.63,0.4,69.3,3.7
3087.0,107.4,137.0,23.4,884.4,0.76,1.53,117.3,8.0
770.0,23.5,176.0,26.3,247.9,0.18,1.24,123.0,3.1
3797.0,53.2,92.0,18.0,293.8,0.07,0.27,69.4,2.2
1041.0,30.4,122.0,28.4,222.4,0.17,0.88,131.2,2.8
2079.0,37.6,136.0,12.1,306.4,0.32,2.56,69.6,3.9
2619.0,18.9,128.0,20.1,144.8,0.7,1.01,80.9,2.8
2403.0,49.0,92.0,34.1,270.4,0.64,0.63,141.0,4.3
3182.0,66.6,97.0,17.8,387.1,0.16,0.5,76.8,2.9
3041.0,33.4,172.0,28.2,345.3,0.53,1.89,118.0,4.5
4467.0,54.3,133.0,22.3,434.2,0.3,1.42,88.1,4.5
4498.0,49.0,85.0,19.5,251.1,0.32,1.7,86.3,4.1
2469.0,36.1,82.0,37.5,177.4,0.29,1.12,151.0,3.4
700.0,5.8,132.0,20.3,46.2,0.41,1.63,95.5,1.8
3357.0,82.0,98.0,17.1,482.6,0.48,0.58,82.0,4.5
4402.0,59.3,158.0,37.3,560.4,0.38,1.08,159.8,6.0
1637.0,15.7,167.0,32.4,157.7,0.32,1.14,135.5,2.4
2237.0,17.9,105.0,30.5,113.0,0.85,1.69,115.3,3.0
2084.0,30.9,145.0,11.5,268.9,0.71,1.16,57.8,3.6
516.0,5.7,97.0,13.9,33.3,0.64,0.69,59.5,0.7
3124.0,94.8,113.0,29.2,644.9,0.64,1.03,130.5,6.6
1784.0,40.0,178.0,16.3,426.8,0.38,0.16,79.5,3.7
3607.0,109.5,140.0,16.8,918.6,0.29,0.16,98.3,6.8
3795.0,34.9,177.0,33.4,371.7,0.72,1.42,125.1,5.4
3749.0,64.5,105.0,18.6,405.5,0.59,0.81,83.5,4.4
2050.0,18.9,116.0,12.1,132.2,0.08,0.87,64.5,1.3
1650.0,50.6,132.0,11.1,399.9,0.2,1.42,65.1,3.4
3445.0,27.7,133.0,23.3,221.0,0.71,1.7,96.0,3.9
3666.0,30.3,190.0,28.5,344.7,0.31,1.27,121.0,4.2
2363.0,67.1,93.0,36.1,372.7,0.64,1.96,151.1,5.2
4051.0,146.1,174.0,13.3,1522.5,0.37,1.25,79.4,8.0
904.0,28.7,175.0,15.9,301.7,0.58,1.15,87.8,3.2
3992.0,32.4,141.0,25.9,273.9,0.27,1.12,90.8,3.0
704.0,13.5,118.0,20.9,95.7,0.51,0.36,102.3,1.6
945.0,10.7,137.0,24.5,88.3,0.11,1.48,106.4,1.7
2542.0,34.3,112.0,37.7,231.1,0.6,0.22,156.8,3.4
584.0,5.0,168.0,26.3,50.5,0.55,0.71,111.7,1.1
522.0,6.4,135.0,22.5,52.0,0.66,1.01,98.1,1.3
302.0,3.7,182.0,39.7,39.9,0.19,0.61,162.9,2.0
2133.0,15.4,148.0,12.0,136.9,0.52,0.77,55.1,1.9
3553.0,84.1,137.0,38.0,689.0,0.36,1.92,157.1,6.9
446.0,3.7,158.0,25.0,35.2,0.23,1.55,99.6,1.6
3039.0,98.2,135.0,25.1,798.0,0.48,0.66,119.4,7.0
3757.0,47.0,179.0,37.7,506.2,0.21,0.77,145.5,5.1
1006.0,7.9,100.0,25.2,47.7,0.38,0.36,114.8,1.1
917.0,9.0,187.0,23.2,101.4,0.06,1.35,115.0,2.1
3915.0,37.7,169.0,18.2,383.3,0.62,0.88,89.6,4.6
3757.0,68.0,175.0,29.8,712.3,0.36,0.02,139.3,6.7
2564.0,35.1,133.0,27.1,280.0,0.32,1.05,103.4,3.0
3741.0,55.7,172.0,16.4,575.1,0.46,1.22,71.1,5.5
690.0,8.1,114.0,31.3,55.4,0.62,1.48,124.8,2.2
1957.0,25.0,164.0,29.3,246.1,0.14,0.96,122.4,2.9
3399.0,54.3,95.0,21.9,311.0,0.53,0.81,99.2,4.4
1381.0,23.0,114.0,10.1,156.8,0.21,1.99,50.3,2.0
3460.0,64.3,129.0,23.4,497.4,0.44,1.0,116.0,5.3
2418.0,36.1,115.0,10.2,250.0,0.23,1.36,79.8,3.2
3451.0,81.7,123.0,12.2,600.8,0.1,0.73,83.1,4.4
2252.0,18.0,170.0,22.9,183.5,0.22,1.34,103.2,2.1
1845.0,19.6,108.0,12.5,127.1,0.23,0.27,67.5,1.1
1221.0,30.2,162.0,18.3,293.7,0.52,0.77,85.7,3.1
1175.0,11.2,88.0,29.7,59.3,0.27,0.4,119.8,0.9
3456.0,28.2,164.0,19.3,278.1,0.61,0.7,100.1,4.0
799.0,15.3,167.0,39.9,153.2,0.34,1.63,157.1,2.9
661.0,15.6,124.0,37.5,116.4,0.29,0.69,150.0,2.5
1040.0,40.0,159.0,27.6,383.0,0.67,1.36,133.1,4.5
1036.0,34.1,181.0,39.0,369.2,0.12,1.76,169.7,4.4
3757.0,33.3,168.0,36.0,336.3,0.41,0.99,131.6,4.6
1974.0,14.2,123.0,19.6,105.1,0.2,1.5,79.7,1.9
4460.0,147.9,133.0,32.5,1182.3,0.42,1.27,135.4,8.0
876.0,7.9,166.0,14.1,78.5,0.61,1.06,69.0,1.1
3045.0,91.5,112.0,30.5,616.1,0.42,1.38,141.6,6.1
2185.0,23.5,168.0,24.7,237.1,0.36,1.92,98.7,3.2
1950.0,17.4,116.0,10.5,121.3,0.12,0.68,65.5,1.3
3975.0,60.0,169.0,18.2,606.7,0.39,0.52,89.2,5.0
4398.0,167.5,90.0,38.7,899.8,0.62,0.49,178.4,8.0
3966.0,42.4,85.0,19.5,216.2,0.34,1.5,90.9,3.2
1108.0,8.0,190.0,15.4,90.7,0.38,1.56,67.8,1.7
1227.0,22.5,176.0,15.6,236.8,0.37,0.73,86.4,2.8
3056.0,65.3,177.0,24.4,693.9,0.68,0.07,108.3,6.4
1514.0,38.6,185.0,35.3,427.4,0.11,0.66,132.6,3.7
3386.0,38.1,128.0,32.7,293.1,0.57,1.27,129.5,3.9
