pump_frequency_hz,intake_pressure_psi,discharge_pressure_psi,liquid_rate_bpd
41.2,504.7,851.5,1561.6
58.5,498.8,944.6,2523.6
52.0,762.5,1159.6,2187.7
48.0,499.8,1291.6,1365.1
34.7,508.8,904.8,983.5
34.7,703.8,1074.0,1076.3
31.7,579.9,842.1,1051.4
56.0,710.7,1555.6,1914.2
48.0,426.1,838.4,1935.4
51.2,595.0,1552.8,1346.4
30.6,413.4,757.6,789.3
59.1,425.1,1378.7,1998.6
55.0,762.6,1297.1,2236.7
36.4,455.7,884.9,1067.5
35.5,613.0,852.6,1398.1
35.5,564.4,938.5,1095.1
39.1,538.9,673.1,1758.3
45.7,759.9,954.4,2065.4
43.0,408.7,977.4,1361.3
38.7,665.5,1138.7,1168.9
48.4,785.4,1402.2,1656.4
34.2,624.1,986.1,1039.6
38.8,774.7,1034.1,1555.6
41.0,420.9,627.0,1786.6
43.7,567.5,884.1,1753.6
53.6,504.1,869.5,2332.2
36.0,692.3,1031.7,1221.2
45.4,792.5,1499.5,1295.4
47.8,502.6,834.6,1987.5
31.4,661.7,948.4,1039.5
48.2,479.2,904.1,1934.0
35.1,626.1,1010.1,1091.7
32.0,585.6,934.2,857.2
58.5,788.8,970.0,2767.4
59.0,643.4,1798.9,1681.5
54.3,539.8,694.0,2562.8
39.1,445.6,550.6,1839.1
32.9,460.5,616.2,1411.4
50.5,490.1,956.5,2012.8
43.2,500.4,880.0,1641.8
33.7,740.2,868.0,1497.5
44.9,624.5,1231.2,1413.5
31.0,609.4,813.0,1102.3
57.3,445.9,1103.3,2230.3
37.8,744.1,1122.1,1293.5
49.9,689.1,1354.7,1726.6
39.4,427.1,859.2,1276.2
45.6,683.1,1084.3,1719.0
46.4,617.4,859.2,2048.1
35.5,432.7,848.4,1049.8
59.1,583.3,824.5,2719.5
53.3,593.9,1066.6,2157.0
58.2,466.3,917.8,2532.4
56.8,778.3,1479.9,2132.5
47.9,740.0,1068.3,2039.2
57.7,667.6,1892.2,1462.4
32.7,584.9,684.8,1417.7
35.9,564.7,1033.1,929.4
31.4,660.4,749.4,1411.8
39.8,618.2,694.7,1881.4
41.7,424.9,944.0,1317.2
38.1,605.0,1079.1,1134.0
54.9,722.6,1152.2,2316.3
40.7,583.7,1080.9,1249.3
38.4,420.8,582.2,1709.1
46.3,714.5,1436.6,1264.1
34.2,480.5,854.0,952.7
54.1,503.4,683.0,2542.8
32.2,465.9,657.9,1294.7
59.6,532.1,928.6,2626.0
53.2,702.7,1505.4,1717.2
36.0,607.8,825.3,1446.4
30.2,482.0,665.0,1157.5
54.5,751.1,1327.7,2100.7
51.2,751.8,1197.7,2066.5
51.9,748.2,1328.5,1968.2
53.1,495.5,1250.6,1841.4
32.2,580.5,891.1,1005.6
40.8,794.0,1041.6,1723.6
33.5,708.8,1037.5,1007.3
55.9,410.9,954.0,2268.0
48.7,426.1,1165.8,1473.1
39.9,585.6,900.6,1559.9
31.9,763.7,913.1,1334.0
39.3,615.5,1131.7,1176.8
39.8,599.1,1156.8,1047.5
51.9,442.2,1377.2,1450.1
49.1,662.7,1144.8,1898.0
56.6,728.8,1081.7,2497.5
44.2,552.2,1260.8,1148.9
33.6,710.2,872.7,1394.5
51.4,785.8,1542.2,1679.6
52.8,481.5,1161.8,1889.3
46.8,609.3,785.5,2149.8
53.1,514.9,1332.3,1725.1
44.8,717.1,1227.9,1589.6
45.7,631.0,1421.0,1156.1
42.8,653.8,1290.9,1149.3
30.8,719.2,1025.6,948.1
33.2,558.4,947.8,851.7
30.9,766.0,959.2,1213.1
49.1,613.2,1250.7,1698.3
39.4,463.2,778.5,1472.1
45.3,678.4,1361.0,1309.3
57.2,717.3,1691.3,1811.7
37.5,526.7,769.6,1496.8
42.3,742.9,876.7,1976.8
52.7,762.5,1760.6,1376.4
36.9,510.8,626.9,1660.1
32.3,793.4,1015.3,1227.1
38.7,456.3,789.8,1458.3
34.8,480.8,766.4,1263.0
57.9,473.7,1694.0,1537.7
54.2,757.6,1807.0,1465.8
49.0,661.7,1117.1,1887.6
56.1,460.8,1356.0,1834.3
54.1,576.1,812.0,2469.5
35.6,646.1,991.4,1215.6
56.8,433.4,1492.2,1602.5
46.2,753.0,1137.7,1897.1
54.2,721.4,1612.3,1713.5
56.9,602.1,1344.7,2094.6
39.5,786.9,1068.3,1609.3
33.3,567.1,702.5,1507.1
36.8,793.6,987.5,1577.6
42.8,667.2,1004.9,1721.9
54.5,653.9,1177.3,2197.5
55.8,466.4,687.3,2583.6
30.2,752.8,1019.0,956.3
45.3,571.0,1328.4,1134.2
42.5,464.9,1008.5,1323.3
36.7,405.0,816.5,1096.3
33.6,623.9,827.9,1340.2
40.1,611.0,894.5,1575.4
58.3,687.7,1389.8,2235.5
39.7,756.1,1340.7,1006.9
45.6,431.8,760.4,1886.2
51.1,692.6,1445.9,1649.2
40.9,475.0,823.3,1634.9
59.2,743.3,1527.9,2219.6
58.9,727.6,1700.2,1925.8
37.6,616.3,1103.4,1052.5
44.9,684.1,1386.9,1218.4
39.0,525.7,690.1,1705.8
38.5,588.5,691.6,1760.1
31.1,728.7,915.2,1232.5
48.3,583.7,1391.1,1319.5
45.1,543.1,1102.6,1534.8
31.5,597.7,769.0,1306.0
38.4,731.3,954.9,1632.0
57.2,534.1,1658.5,1583.5
37.2,469.5,995.2,929.7
34.3,684.8,887.1,1409.0
44.7,730.4,1286.1,1475.6
59.6,440.3,1532.9,1830.3
37.3,495.9,1036.7,942.4
50.2,456.8,1023.6,1863.9
52.8,539.2,856.3,2333.3
37.1,580.1,659.7,1728.2
51.8,699.5,1260.0,1956.1
41.0,660.5,1043.3,1500.8
49.0,648.4,1498.1,1317.9
49.0,540.9,1055.7,1830.4
46.1,736.6,1319.9,1545.7
32.7,588.5,778.3,1264.5
55.1,791.6,1600.1,1858.0
39.6,653.7,1158.4,1204.8
35.6,450.5,906.5,965.9
31.2,670.5,951.3,1001.8
47.7,530.0,1317.3,1297.0
50.3,674.5,1500.1,1458.5
30.5,427.9,472.6,1439.9
45.4,470.0,1004.6,1587.3
36.8,742.3,1063.1,1360.2
49.4,490.9,729.8,2204.0
35.2,734.8,780.4,1670.0
50.7,511.7,1054.9,1933.3
41.6,657.2,861.8,1800.6
58.1,677.7,1651.0,1880.0
34.1,605.1,970.5,1087.9
40.2,522.1,968.3,1370.3
33.4,485.1,685.9,1340.6
57.7,413.3,975.6,2329.8
56.3,521.6,1457.3,1807.5
37.7,661.3,1166.0,1056.6
49.8,775.3,1246.4,1953.6
54.5,748.5,1792.5,1520.3
46.7,706.4,1185.0,1773.7
45.9,715.4,1099.0,1863.2
37.3,666.0,903.3,1518.7
32.8,504.1,672.1,1375.8
56.9,762.9,1112.8,2540.7
57.0,668.3,1446.0,2066.7
49.0,624.2,992.8,2029.8
40.2,444.4,755.4,1563.9
40.5,578.8,1122.2,1181.9
51.8,584.1,1554.5,1324.4
56.9,745.8,1724.4,1787.2
56.6,618.7,1453.8,1979.6
53.4,552.2,1082.7,2076.3
49.3,790.7,1082.2,2173.6
32.5,444.3,807.0,956.7
34.8,569.0,981.3,969.7
57.0,416.8,633.3,2658.6
48.2,696.0,1507.8,1322.0
30.3,767.2,1009.5,1082.8
33.0,512.0,754.5,1261.5
49.9,743.3,1279.0,1855.5
30.2,516.9,848.3,812.2
34.8,764.3,1200.0,915.3
46.5,701.6,1458.7,1271.8
50.8,722.0,1248.2,1937.7
49.6,407.2,980.0,1846.0
36.7,785.1,1228.2,1111.4
51.4,690.7,1181.7,2021.2
37.1,521.9,670.5,1612.8
39.8,731.8,1303.8,1031.2
52.4,512.6,1171.9,1897.1
49.5,749.1,1173.5,2004.8
55.5,445.0,1423.4,1701.9
49.7,681.5,1425.7,1587.6
47.0,616.3,1070.9,1825.8
32.8,438.6,541.8,1483.1
41.0,496.8,688.6,1773.5
38.0,405.0,703.7,1446.9
37.3,587.5,821.7,1546.2
59.2,520.5,1498.7,1965.6
41.8,639.3,977.3,1647.5
56.8,518.9,1313.5,2014.4
48.9,520.0,1291.4,1432.5
53.8,697.3,1180.3,2196.3
45.1,419.3,867.8,1691.4
47.3,761.2,1380.8,1564.4
44.8,740.9,909.5,2037.5
35.9,667.1,1129.1,913.3
51.7,637.3,1438.7,1659.0
38.4,756.9,1286.8,1009.8
30.7,474.1,631.0,1298.2
49.4,431.6,861.7,2013.9
35.3,495.8,855.4,1146.1
58.2,717.8,1301.7,2340.3
58.6,413.9,1310.5,1987.6
57.4,633.1,1095.9,2413.6
41.1,798.2,1203.2,1447.7
30.5,742.3,1008.9,1044.2
57.8,608.6,865.4,2662.9
42.8,425.5,1004.4,1313.0
59.0,732.5,1905.2,1634.9
58.9,639.6,1346.5,2247.5
55.6,446.0,650.2,2602.2
38.8,437.5,857.4,1301.0
41.6,763.9,1384.4,1096.8
55.5,667.7,1561.3,1812.3
39.5,731.7,1123.4,1437.4
35.1,751.6,1161.8,1004.9
46.7,628.7,1029.1,1859.2
58.1,607.0,777.6,2756.1
50.9,572.2,1262.3,1789.2
47.1,526.8,1121.9,1553.5
32.9,573.8,875.1,1119.6
48.5,709.6,1524.1,1336.8
59.7,640.8,996.0,2679.0
34.2,757.0,1056.3,1174.3
45.5,577.4,1142.4,1535.7
56.3,642.8,1232.4,2244.0
52.2,652.5,1396.7,1825.0
50.9,636.7,1132.4,2015.3
51.1,681.1,1609.5,1347.5
40.8,495.0,696.3,1766.3
38.8,604.9,709.3,1791.4
54.3,441.7,964.0,2149.4
54.3,553.8,749.3,2523.9
56.0,595.1,1668.4,1591.2
57.4,660.9,1447.3,2051.5
45.3,780.2,1213.1,1747.4
45.0,640.3,1073.4,1715.7
53.9,697.4,1467.5,1836.0
49.5,602.5,1304.5,1614.0
51.1,653.6,1576.6,1422.2
53.9,428.4,1226.9,1821.7
56.7,501.8,1581.2,1625.0
40.1,544.7,791.2,1666.7
41.3,589.0,1141.2,1225.6
32.8,418.3,799.9,863.7
47.3,456.0,917.3,1772.2
31.1,510.7,739.6,1193.2
44.0,788.6,987.8,1961.8
46.3,532.5,991.4,1757.8
38.6,592.8,1016.8,1264.9
47.7,478.4,761.3,2055.4
30.9,644.3,855.5,1148.7
31.1,512.3,833.6,833.5
54.7,482.8,1160.5,2063.1
40.8,606.6,733.3,1853.8
33.8,402.2,695.3,1146.8
45.7,403.1,1020.9,1446.2
53.1,487.6,1467.4,1498.9
36.5,414.7,865.4,1036.2
48.7,443.2,1037.8,1691.2
32.6,535.5,771.7,1250.4
31.6,721.0,1086.6,846.0
45.9,628.8,793.5,2119.7
46.2,605.1,930.6,1940.8
49.1,517.4,1055.6,1876.4
51.8,772.7,1124.9,2259.8
59.3,558.8,1800.4,1588.8
45.5,434.8,965.5,1625.3
39.7,646.8,956.6,1554.9
53.9,445.5,798.3,2350.5
38.1,538.1,711.2,1625.2
43.2,603.0,1168.6,1348.3
32.4,749.7,814.6,1493.8
30.8,597.4,936.7,855.1
58.9,680.9,1045.6,2631.4
55.1,797.1,951.3,2580.3
50.9,452.6,1311.6,1474.8
42.3,509.9,812.1,1743.4
35.2,557.8,1008.2,911.9
34.7,568.7,901.2,1183.8
37.5,564.4,895.8,1373.4
46.5,763.0,1222.3,1769.1
51.4,685.6,881.9,2369.2
49.8,643.2,1066.4,1998.5
38.4,523.7,865.6,1375.8
58.6,729.5,1175.0,2534.5
52.1,782.0,971.6,2418.5
46.6,728.5,1530.9,1188.9
48.4,400.6,525.6,2277.7
42.6,654.6,1293.6,1147.2
37.4,420.5,610.8,1621.7
40.7,503.0,1001.0,1273.6
52.7,423.8,1358.9,1475.2
30.4,641.5,890.2,1062.0
33.5,674.6,882.5,1322.2
31.4,445.8,716.7,1053.5
31.2,553.5,930.9,818.9
55.7,582.5,1213.5,2142.4
51.1,547.6,785.8,2315.5
44.2,448.4,966.5,1487.0
32.9,567.6,913.1,983.7
44.7,700.5,1221.4,1564.3
44.2,428.4,1116.1,1153.2
35.2,432.1,586.5,1529.7
43.0,541.9,765.3,1875.2
42.0,776.7,1142.9,1603.9
48.5,667.4,1347.8,1597.0
49.1,671.5,990.0,2109.0
31.4,544.8,782.3,1175.4
41.2,637.5,826.8,1797.3
48.8,404.1,864.2,1912.4
45.1,654.4,932.7,1923.2
55.7,765.3,1382.2,2142.4
49.8,645.0,1314.2,1707.7
34.9,749.5,865.4,1624.2
32.1,689.6,920.0,1194.0
49.3,448.2,945.7,1902.6
30.8,761.0,1066.2,922.7
47.6,426.6,856.3,1859.0
58.2,613.6,1309.0,2203.8
47.3,456.9,1183.4,1378.2
41.6,404.7,1010.3,1097.0
49.3,568.8,1085.4,1902.8
43.7,518.0,792.1,1845.4
46.4,594.4,1082.6,1705.3
58.2,630.9,1725.6,1753.3
41.6,417.5,712.0,1663.2
58.8,449.2,1671.2,1576.9
57.2,623.5,1460.3,1997.3
35.9,537.3,984.5,1028.7
32.1,691.7,1038.9,935.2
33.0,660.9,1019.4,975.9
30.5,738.2,994.0,1029.5
32.8,677.0,1074.6,858.6
50.5,572.0,1262.0,1714.2
32.1,669.2,894.7,1173.4
39.6,510.2,890.7,1419.5
55.3,522.5,1345.9,1860.3
30.7,715.6,825.1,1347.1
54.4,578.6,1579.3,1538.8
38.5,719.4,1105.5,1398.9
33.5,729.0,1134.2,885.5
50.9,743.0,1650.8,1354.0
48.9,766.7,1272.2,1852.7
56.3,572.4,1262.9,2125.4
52.1,527.5,821.9,2329.6
54.1,632.9,1262.1,2031.7
38.5,548.5,622.0,1792.1
35.3,640.4,1106.6,921.8
52.5,682.2,1632.3,1428.8
54.2,675.4,1740.9,1408.9
59.7,549.8,1722.1,1741.8
42.4,466.7,867.2,1575.6
41.2,572.2,900.3,1626.9
53.3,457.0,1482.1,1387.0
40.2,756.0,867.7,1861.7
57.9,538.4,919.6,2545.6
55.8,461.8,1394.5,1765.9
42.9,410.2,1067.8,1146.2
52.5,658.3,1586.0,1513.9
52.6,654.8,1622.7,1466.2
33.1,536.2,920.8,919.1
57.1,428.7,1188.3,2092.9
45.2,563.9,1179.5,1378.7
54.8,524.5,1370.2,1811.4
39.6,670.8,761.5,1871.7
56.9,642.3,1214.7,2297.2
41.7,545.8,657.6,1931.8
30.3,487.2,790.7,855.4
57.2,795.2,1682.6,1920.5
32.7,581.6,824.4,1227.1
39.6,675.3,1250.3,1057.8
58.5,456.2,1730.3,1468.1
58.5,594.2,1219.6,2345.7
47.2,411.0,833.7,1861.7
49.0,602.2,1236.6,1676.4
43.5,785.6,1236.7,1565.1
38.8,553.7,962.3,1332.6
39.9,415.6,1007.6,1018.0
50.2,412.4,1172.0,1633.0
52.6,555.2,1459.9,1523.7
53.7,464.0,1488.3,1462.7
53.7,409.3,594.7,2497.9
32.7,702.5,907.8,1259.9
44.8,583.4,899.4,1855.8
31.7,515.7,813.7,1018.3
46.5,760.0,1389.2,1573.4
43.2,446.5,1034.7,1311.7
56.6,782.4,1895.0,1539.3
40.5,525.6,1074.1,1176.4
33.5,755.4,871.5,1439.1
34.3,641.2,846.8,1380.0
52.8,730.7,1349.9,1971.4
48.5,793.6,1383.5,1732.6
33.0,515.4,618.7,1511.4
32.5,784.5,1155.7,866.3
51.0,555.8,1344.9,1597.9
32.2,554.2,836.7,1058.0
54.7,536.2,928.4,2328.6
51.2,616.6,757.3,2422.8
32.4,461.7,774.0,986.7
32.5,621.5,722.1,1453.9
59.6,616.7,1021.8,2603.8
41.2,704.8,1255.8,1239.1
41.1,733.5,1215.3,1397.4
54.4,576.2,1342.9,1860.9
58.4,520.9,691.1,2746.2
59.6,503.7,1676.8,1732.0
52.6,477.8,839.2,2260.9
41.3,423.1,918.1,1342.7
32.5,537.0,695.6,1347.2
53.3,508.1,1251.6,1836.7
46.8,786.6,1253.3,1777.2
42.7,623.1,853.1,1868.6
57.2,538.9,930.2,2464.6
33.3,632.2,742.3,1483.3
44.8,455.7,1183.2,1179.5
30.3,577.6,721.1,1231.0
44.1,650.5,1339.4,1240.3
31.7,595.6,851.1,1088.7
33.6,560.7,809.2,1253.4
33.5,797.5,1107.1,1141.9
49.5,752.1,1308.1,1815.3
52.4,649.4,759.5,2484.0
47.5,627.8,1394.6,1332.0
58.9,648.3,1276.4,2366.2
41.2,480.5,934.8,1398.7
38.6,558.1,1056.1,1079.7
56.1,415.8,1487.9,1601.7
36.7,590.2,679.8,1701.7
58.9,617.2,952.1,2638.0
30.4,491.1,574.1,1378.8
59.1,785.6,980.0,2795.8
31.3,763.8,1116.6,929.1
56.7,688.9,1609.7,1872.1
45.8,613.4,1006.9,1835.9
59.8,748.0,1607.1,2145.6
32.2,452.3,709.9,1108.6
46.6,716.2,1328.9,1540.7
59.1,449.9,1169.5,2266.3
45.7,717.7,1144.0,1734.1
48.9,510.3,1310.6,1399.6
50.9,750.8,1394.3,1811.8
43.6,777.6,1200.9,1634.3
48.8,459.5,976.7,1847.2
47.5,585.1,1319.7,1412.9
57.0,792.4,1279.9,2378.4
31.4,593.4,948.9,801.9
38.4,745.4,1144.5,1267.5
58.5,635.5,1134.1,2490.0
56.7,550.1,1244.7,2137.2
43.7,514.3,1100.9,1348.4
48.6,481.3,868.3,1975.1
38.3,704.7,1064.1,1447.3
35.6,554.6,705.8,1529.7
43.9,604.5,896.8,1824.0
40.6,596.9,932.9,1572.4
47.5,630.9,1184.0,1709.6
32.3,746.2,1119.4,905.2
59.2,792.3,1904.5,1829.1
59.6,563.0,1504.1,2051.5
50.9,731.0,1244.1,1960.6
46.1,705.8,1196.1,1684.7
39.3,629.4,1099.7,1236.9
54.4,782.4,1919.4,1368.3
50.5,480.2,1068.2,1827.9
34.9,443.7,829.7,1096.1
57.3,741.6,1253.9,2380.7
54.7,575.7,1693.0,1396.4
58.5,738.8,1451.6,2232.1
51.8,757.2,941.4,2391.0
48.4,425.0,1215.6,1400.0
42.5,753.4,1209.2,1515.2
58.0,579.3,1782.6,1568.8
56.0,604.2,1213.8,2187.7
31.4,650.6,858.4,1172.3
30.8,770.6,999.9,1052.0
41.3,407.6,812.4,1516.8
54.3,590.7,868.2,2453.6
59.6,675.1,1822.6,1753.8
34.5,689.1,1121.6,880.3
47.8,677.0,912.3,2122.8
41.4,453.8,794.4,1573.6
59.1,519.8,836.8,2661.7
55.3,543.5,1151.4,2123.8
55.1,721.8,1099.6,2384.1
44.1,511.5,1004.5,1527.5
42.4,484.3,728.9,1777.2
38.2,783.0,937.6,1739.9
31.7,403.5,636.4,1200.2
55.9,799.1,1823.3,1626.1
54.4,670.7,1583.5,1688.6
60.0,731.4,1912.0,1767.9
59.9,517.8,1659.8,1830.2
46.7,405.7,1039.2,1488.3
53.1,695.1,1328.0,1989.6
58.3,733.7,1432.4,2230.4
55.5,696.2,1478.6,1919.7
37.4,457.1,745.5,1453.7
43.5,701.4,1394.8,1167.8
33.9,707.6,1153.1,913.8
58.6,663.4,1791.0,1692.2
48.2,706.4,1253.9,1766.3
36.9,738.4,1170.0,1099.0
50.2,645.4,1419.6,1573.4
48.5,435.4,1046.6,1650.8
40.7,595.1,784.6,1762.9
33.4,431.1,834.4,845.6
50.1,563.0,1032.4,1986.4
45.6,562.8,926.0,1826.6
53.2,426.4,805.8,2284.7
45.6,539.5,715.2,2097.2
55.6,444.4,1597.1,1414.3
46.6,723.3,1480.2,1325.0
46.8,779.1,996.0,2104.4
56.3,428.9,1204.8,1988.3
42.1,782.0,1184.9,1587.5
34.0,609.0,809.8,1358.0
30.9,519.8,700.7,1243.2
52.7,430.7,669.1,2420.2
48.6,600.2,725.4,2305.6
51.1,717.8,1114.7,2106.4
36.4,682.8,1069.0,1144.9
34.1,420.1,554.6,1527.1
30.4,429.2,763.5,794.6
40.5,561.1,1083.7,1223.6
47.7,518.1,737.8,2155.5
41.8,493.0,1045.4,1284.9
43.1,512.4,1112.5,1292.2
57.1,721.4,1834.3,1605.7
40.4,771.7,942.0,1793.0
45.4,562.0,1064.2,1646.5
53.5,762.4,1277.6,2150.3
41.9,528.6,1078.4,1272.8
48.7,590.6,953.2,2046.5
55.9,490.4,942.7,2352.2
58.5,656.2,1651.7,1873.5
34.4,791.6,1094.6,1178.3
57.8,641.4,1706.9,1717.6
44.8,543.1,656.7,2102.7
37.7,659.1,944.8,1492.0
43.8,449.2,583.3,2014.8
59.4,755.5,1807.7,1890.5
44.8,601.2,866.4,1907.2
39.9,579.7,803.5,1683.5
49.0,634.3,1022.2,1987.6
37.2,649.9,734.3,1738.4
32.3,428.7,707.9,1092.7
33.9,673.0,1075.5,946.3
33.8,496.8,704.2,1357.5
34.6,685.6,855.2,1431.0
34.2,729.0,992.9,1296.2
49.2,721.6,1510.2,1459.7
35.5,621.0,920.3,1288.8
40.4,608.1,1088.5,1292.8
56.9,457.2,1292.3,1969.9
44.2,710.1,1080.4,1747.4
50.0,508.6,893.8,2089.5
35.2,598.7,964.9,1063.0
35.8,513.7,847.4,1220.4
31.2,453.5,749.2,969.8
35.1,651.8,1057.0,1033.4
38.4,421.7,640.6,1635.0
35.3,699.5,796.0,1605.1
32.7,527.0,815.9,1088.6
33.6,400.1,560.6,1408.8
43.8,604.5,768.6,1980.0
36.2,418.7,560.4,1593.7
40.9,510.5,1075.6,1191.6
45.1,682.8,803.8,2098.0
50.7,425.1,1141.0,1697.6
31.2,735.7,989.2,1017.5
54.0,401.5,1443.8,1425.4
48.8,498.7,1070.2,1755.1
32.5,696.4,1089.3,890.9
56.2,526.5,1510.7,1719.5
57.6,440.8,1382.4,1851.6
31.8,544.1,642.6,1375.1
38.3,508.2,656.0,1712.2
54.2,737.1,1620.3,1723.4
52.4,525.3,825.7,2324.5
35.5,715.6,854.1,1573.8
36.3,756.7,963.4,1531.2
41.1,573.5,1139.8,1163.6
44.5,764.0,1117.4,1805.1
48.5,550.9,696.0,2246.0
41.1,785.6,1066.0,1657.4
43.9,435.7,965.5,1424.3
52.4,674.8,1322.0,1901.1
31.1,597.5,778.2,1229.4
37.6,555.1,886.7,1371.0
51.4,653.1,1569.6,1423.7
56.9,681.5,1621.0,1820.6
45.4,401.7,664.8,1952.5
46.0,466.8,668.4,2039.9
33.2,685.2,1083.2,933.0
43.4,666.6,791.9,2016.0
46.0,786.4,1392.3,1489.6
37.3,704.4,980.5,1487.3
38.1,780.3,977.1,1596.1
41.3,681.0,878.5,1787.8
30.6,519.2,569.9,1416.2
39.7,442.1,904.7,1270.8
36.3,712.7,860.8,1610.6
39.8,657.7,1213.7,1113.6
33.6,419.3,645.2,1372.7
56.7,544.0,1000.2,2364.7
47.8,782.7,1194.1,1924.2
50.4,600.2,1382.9,1545.3
53.7,573.1,856.4,2396.2
45.0,583.1,1249.0,1294.6
32.6,483.6,855.5,854.5
46.1,547.5,916.1,1897.2
47.6,547.9,1116.1,1699.4
52.4,420.9,725.5,2309.5
42.9,707.0,1232.5,1444.2
33.8,566.6,926.4,973.8
38.5,728.9,880.9,1687.6
40.9,740.1,1077.0,1527.4
49.4,484.8,1276.0,1444.6
47.1,662.9,1021.5,1941.9
40.7,588.9,977.0,1484.9
59.6,752.1,1471.9,2300.2
48.2,486.3,1044.8,1703.9
37.1,671.1,847.1,1620.0
33.1,643.1,776.3,1443.3
34.6,518.1,725.8,1416.7
37.4,454.6,915.5,1023.1
34.8,660.7,804.8,1527.7
35.6,695.4,903.7,1427.4
38.6,526.3,771.4,1568.4
35.2,657.9,1012.9,1167.5
56.9,558.1,879.6,2548.3
32.4,685.3,839.0,1339.1
45.7,479.7,1208.5,1259.2
42.3,756.1,1210.1,1446.0
59.5,515.0,871.8,2672.9
33.4,547.1,949.3,869.5
41.9,423.2,554.5,1955.5
59.1,444.6,1049.3,2380.0
56.0,606.3,1201.7,2194.2
54.5,507.0,1407.0,1694.7
37.7,734.2,1192.7,1154.7
35.1,405.9,485.5,1622.7
50.1,551.6,1310.3,1587.4
57.9,534.9,997.0,2457.0
46.7,407.7,969.0,1580.7
47.1,449.7,1200.8,1326.4
38.4,565.5,1097.1,969.2
53.1,597.1,1224.8,1977.2
35.6,561.7,618.7,1672.1
39.7,612.4,1064.9,1322.6
42.8,638.1,1151.9,1412.8
45.2,404.0,985.5,1480.9
37.3,585.6,915.6,1368.3
33.4,785.4,1086.4,1167.7
48.3,607.6,837.6,2164.6
38.7,671.0,1011.2,1406.2
47.4,524.7,1026.2,1727.9
34.6,709.6,1109.4,973.6
44.4,709.2,810.7,2093.4
46.0,608.5,1270.6,1408.0
31.6,790.4,1141.6,841.0
40.1,450.2,752.0,1600.7
34.0,406.8,635.2,1306.7
31.9,708.1,976.0,1095.5
59.7,722.9,1674.2,2059.6
39.7,448.1,667.2,1692.5
54.3,506.2,1469.6,1596.5
37.6,407.0,571.3,1635.6
50.4,517.3,982.2,1997.5
52.8,709.3,1429.8,1818.0
47.9,607.2,1173.5,1690.1
44.1,539.2,1155.9,1358.6
42.4,548.7,811.8,1775.6
40.5,400.5,761.8,1478.6
57.9,519.9,1526.2,1865.0
54.9,658.6,1281.4,2109.5
59.0,789.7,944.3,2794.5
33.7,738.8,1025.6,1173.5
51.9,409.4,632.2,2373.8
58.2,759.4,1749.8,1905.2
35.4,713.3,1151.7,929.6
32.0,712.2,1059.3,946.9
52.2,583.2,1321.9,1797.9
47.2,559.2,1265.3,1414.3
55.3,521.2,1661.8,1381.7
34.2,426.3,509.4,1558.8
53.9,491.3,816.1,2369.1
36.0,498.6,695.9,1503.3
34.9,593.6,1011.0,1004.6
34.9,699.0,1138.0,967.8
54.4,589.5,1643.1,1443.7
50.0,423.1,790.5,2062.7
45.7,783.1,947.0,2097.2
40.8,777.1,1212.5,1414.0
56.3,714.1,1817.6,1558.9
41.8,796.5,1198.4,1525.9
54.5,617.8,1463.7,1790.2
43.2,785.1,1323.1,1443.5
41.3,430.2,770.6,1610.2
43.9,546.3,850.7,1806.6
39.0,490.2,1014.4,1073.2
52.4,478.3,1484.2,1352.7
45.1,456.3,584.9,2135.6
37.0,649.0,1079.6,1117.7
57.0,712.5,1889.8,1493.7
41.5,631.3,1190.5,1215.3
46.3,458.8,1260.3,1198.3
57.2,724.4,1641.3,1934.1
48.7,654.4,968.1,2097.9
33.5,555.3,878.1,1094.9
58.2,669.7,1534.1,2036.5
48.8,504.0,889.7,1963.1
40.0,538.1,925.0,1459.7
34.2,767.0,892.9,1516.9
53.8,516.2,824.5,2394.3
48.6,588.0,1457.8,1225.9
46.0,756.1,1043.7,1955.4
56.8,683.1,1483.4,2009.4
53.7,424.9,594.3,2535.3
34.6,458.9,742.9,1239.4
39.4,403.1,518.5,1857.6
37.5,652.4,865.9,1572.3
52.3,579.1,1416.2,1600.6
31.0,453.7,667.6,1150.8
47.1,783.2,889.0,2228.8
52.9,611.9,879.8,2342.0
56.3,496.8,1637.0,1530.9
40.3,600.2,879.2,1646.5
54.6,671.8,1531.1,1790.8
33.3,430.5,847.5,838.2
55.4,509.9,1310.7,1887.7
33.8,722.8,1077.8,1024.3
41.9,583.9,812.4,1820.3
53.9,618.6,1438.9,1757.2
34.5,573.1,677.3,1504.8
36.9,417.6,924.0,922.4
51.7,466.3,1254.7,1649.5
51.6,578.2,1418.6,1570.0
49.2,483.7,1262.8,1489.6
50.8,420.0,1357.2,1348.4
46.3,737.5,1446.8,1351.9
37.6,792.5,1118.9,1408.3
40.4,717.3,1184.8,1273.9
35.4,741.5,1080.1,1219.1
57.3,496.8,1410.3,1916.8
47.5,784.3,991.8,2123.7
42.0,478.8,612.2,1906.7
43.9,780.6,1230.1,1583.0
58.4,797.9,1776.6,1894.4
34.6,684.7,1114.8,948.2
47.6,792.5,938.2,2210.5
45.2,627.8,1351.9,1190.6
48.3,503.8,1193.6,1532.4
30.5,574.8,870.5,968.4
56.2,637.4,1560.3,1809.0
58.0,429.2,1553.1,1663.3
47.0,648.9,948.6,2001.2
50.9,792.5,1708.0,1412.8
57.7,476.0,1101.3,2265.8
51.2,717.0,1643.3,1423.1
34.6,763.2,1195.1,919.3
47.3,777.5,968.8,2149.8
48.2,784.1,1584.9,1411.2
42.7,608.6,815.3,1857.6
52.1,790.9,1389.2,1940.7
58.0,702.9,1886.2,1552.4
57.8,464.7,704.5,2686.0
43.5,590.8,1209.5,1330.0
33.4,687.3,831.5,1480.9
59.5,498.9,1702.0,1714.8
55.2,656.2,985.1,2439.1
33.7,666.6,1084.6,853.5
57.6,465.1,1214.8,2104.2
56.1,626.0,1103.2,2373.6
45.6,708.7,873.9,2097.5
47.7,599.6,789.8,2170.0
42.0,404.8,640.7,1823.2
31.6,403.6,484.4,1423.4
40.1,542.8,1072.2,1180.9
54.1,770.5,1653.9,1698.0
30.1,491.5,774.9,949.4
40.0,653.7,1094.1,1339.5
41.9,488.8,943.6,1419.8
46.1,528.7,1003.0,1718.2
57.6,739.2,1871.0,1647.1
40.4,691.5,970.2,1638.0
40.4,438.2,995.9,1162.6
52.1,571.5,1358.5,1667.1
43.6,411.7,859.4,1582.6
36.7,592.4,760.6,1576.8
43.6,665.0,967.2,1814.3
34.2,447.4,667.6,1352.8
35.3,515.6,946.3,1006.0
45.0,559.1,1023.2,1677.1
42.6,767.8,1420.6,1147.9
57.4,797.3,1711.1,1923.9
40.9,418.0,845.1,1402.1
47.4,704.4,1527.0,1227.9
49.0,548.7,1273.8,1526.1
30.4,557.0,614.2,1413.3
49.9,701.7,866.3,2318.5
35.3,767.4,1106.3,1163.7
58.8,780.4,2014.8,1527.9
34.5,630.8,1014.4,1000.4
42.4,542.8,1034.1,1435.5
32.6,715.0,769.9,1508.4
59.9,500.4,1725.2,1688.0
45.1,625.6,947.0,1900.8
47.9,543.4,1359.0,1313.6
32.0,662.7,745.4,1507.1
52.5,496.2,1258.3,1763.2
36.3,476.6,678.2,1540.6
56.9,767.3,1683.9,1862.5
36.2,440.7,684.5,1414.4
35.7,602.4,979.9,1047.3
31.1,488.3,834.9,879.6
44.2,415.6,584.6,2036.2
46.9,414.4,589.6,2142.9
32.0,470.1,564.0,1437.7
53.3,746.7,1287.7,2081.2
43.6,513.0,760.1,1882.9
45.7,780.2,1547.8,1214.3
43.2,632.6,1145.2,1406.2
42.0,574.6,1100.8,1347.2
46.8,632.0,1046.2,1838.9
34.7,606.7,947.2,1144.0
35.5,703.5,1137.0,1004.9
55.9,513.0,1149.0,2145.9
58.4,541.2,964.4,2529.4
41.2,757.6,1219.9,1384.2
38.1,778.6,1292.3,1066.5
49.3,757.0,1558.3,1451.3
42.3,567.8,1135.2,1282.4
30.8,712.1,975.5,976.6
34.7,590.5,811.7,1368.8
51.5,599.0,1151.1,1983.0
49.8,481.9,901.8,2023.6
30.8,636.5,912.3,1021.6
36.7,474.5,663.4,1596.1
36.9,532.6,991.3,1092.9
50.2,742.0,1365.3,1783.2
30.6,482.8,596.7,1316.1
33.1,428.5,753.5,962.3
54.0,427.6,1442.8,1483.4
35.4,776.3,892.8,1586.9
49.6,602.8,1311.6,1622.1
37.1,563.8,801.2,1500.2
33.0,724.4,1121.2,843.4
37.3,734.3,946.2,1511.4
51.7,532.9,1303.0,1659.2
55.7,677.4,1807.0,1461.6
54.9,708.4,1337.6,2126.0
41.9,661.9,1213.7,1275.0
50.0,460.6,1148.8,1686.6
36.1,750.4,1230.1,969.3
38.8,615.6,1114.7,1098.3
56.9,513.0,1486.1,1803.7
30.4,570.1,885.9,821.1
32.6,415.0,519.3,1481.5
36.2,451.1,944.0,910.8
30.8,706.2,940.6,1105.2
35.4,400.0,822.6,984.4
47.5,566.6,1245.3,1516.1
42.6,609.0,785.4,1954.6
56.8,421.9,1489.9,1626.1
54.5,789.2,972.1,2547.9
40.3,490.5,1019.6,1192.8
37.8,521.7,751.1,1575.0
41.4,521.6,893.1,1543.9
47.7,492.2,670.0,2142.2
38.0,400.6,738.3,1425.2
48.7,691.7,1239.2,1804.1
42.3,786.7,1345.5,1243.0
46.6,489.7,1206.4,1338.2
43.1,665.2,844.2,1965.5
38.8,696.8,1156.4,1257.3
58.5,739.4,1700.8,1950.7
52.9,569.1,973.9,2227.2
34.2,521.2,858.3,1115.8
56.1,530.1,745.0,2602.1
44.6,685.0,1008.3,1856.5
56.8,726.7,1374.0,2184.9
54.0,472.6,747.0,2420.1
42.8,548.4,1228.2,1116.6
30.7,760.8,1052.2,944.3
38.1,722.7,1103.3,1349.7
46.2,793.9,1465.6,1392.4
49.0,701.7,1064.9,2045.3
37.7,557.3,661.1,1723.9
34.2,636.3,941.8,1180.4
55.0,664.4,1509.4,1800.0
59.5,431.4,654.6,2776.3
45.8,617.8,1130.2,1602.4
35.2,683.7,991.6,1265.5
38.2,466.9,890.5,1256.2
30.6,712.3,767.1,1389.0
57.4,633.5,1360.0,2170.9
33.5,780.9,981.0,1413.4
47.3,417.0,698.6,2046.3
38.2,506.1,914.7,1249.5
46.6,640.6,1244.7,1620.6
49.5,518.6,771.8,2184.4
54.9,685.8,1529.5,1821.0
36.2,703.6,879.9,1551.3
30.3,441.0,528.9,1400.4
34.1,605.5,838.3,1330.9
57.0,603.6,1091.4,2376.2
56.2,547.7,938.7,2423.8
47.9,773.2,1026.6,2109.2
48.0,731.0,1339.1,1627.2
50.0,678.9,1585.8,1306.4
35.3,685.7,1010.8,1200.4
57.4,584.7,1147.6,2306.5
42.6,768.4,1245.8,1495.4
41.5,677.8,928.1,1736.6
45.6,691.6,1257.7,1505.2
31.4,744.7,931.0,1233.8
35.0,509.6,914.1,1021.5
52.1,722.8,1103.2,2182.7
32.5,478.1,717.4,1210.9
48.1,538.1,1273.9,1423.2
37.4,534.2,979.6,1179.4
41.7,791.4,1059.5,1744.0
38.7,742.6,1099.6,1386.3
40.7,680.5,1201.3,1214.4
51.6,690.8,855.8,2411.7
38.9,624.8,879.8,1599.0
47.0,778.8,926.2,2186.8
44.3,598.5,1105.9,1532.6
49.9,552.2,1164.0,1781.3
58.1,465.2,764.5,2626.6
52.0,714.5,1327.9,1913.5
36.4,693.8,882.0,1491.2
30.9,553.7,866.8,948.9
37.9,410.1,779.2,1327.3
47.9,735.6,1515.6,1329.2
31.5,404.6,755.8,934.8
44.9,681.5,1438.1,1123.2
47.9,788.1,1612.5,1240.0
40.0,575.1,681.5,1880.8
53.1,494.0,1387.7,1617.9
33.2,681.9,887.6,1325.4
32.3,726.9,840.0,1415.3
51.8,618.6,1217.8,1938.5
44.9,786.8,1463.6,1276.2
50.7,420.7,833.1,2096.1
43.0,601.9,950.3,1657.5
37.4,687.4,899.4,1550.0
54.6,745.1,1193.2,2309.5
54.0,471.7,632.7,2534.3
50.8,720.0,1260.6,1927.1
38.2,621.1,1031.4,1247.5
47.7,558.6,964.9,1888.7
40.8,452.7,1018.2,1083.6
32.7,746.1,840.8,1479.9
57.5,462.9,1612.0,1592.5
34.1,523.9,860.8,1104.2
58.5,516.0,938.6,2536.5
43.4,748.6,1134.0,1667.5
35.6,669.1,1026.7,1203.7
46.3,718.7,1241.7,1649.2
56.2,500.2,835.0,2485.1
52.0,649.9,1420.2,1696.7
54.2,628.7,939.2,2415.4
49.8,733.1,1631.9,1342.8
50.8,762.4,1111.6,2156.5
55.5,404.9,749.7,2444.8
37.5,669.6,1139.5,1090.6
44.7,420.7,923.8,1549.7
36.6,619.5,1069.5,1052.3
59.6,515.1,1081.4,2438.8
58.3,522.7,1263.3,2160.5
31.2,541.2,732.6,1225.3
51.2,648.5,1498.6,1505.4
57.8,533.6,1613.5,1719.1
35.4,693.1,1151.3,918.5
47.0,561.8,1193.3,1516.8
57.5,427.3,1144.3,2160.3
31.0,713.5,798.4,1374.2
50.9,514.3,1001.7,2037.2
38.9,573.1,943.3,1354.3
57.7,674.2,899.8,2681.4
59.1,533.0,1079.6,2435.2
58.3,422.6,696.9,2678.9
44.2,549.6,990.8,1630.7
55.9,777.8,1737.2,1721.9
55.3,656.7,1780.5,1449.2
39.6,668.6,916.9,1635.8
54.9,652.9,1702.9,1521.4
31.1,479.6,752.9,989.7
47.9,567.3,1065.7,1770.9
36.9,700.4,995.8,1391.1
33.6,440.5,665.6,1294.7
32.3,511.1,870.0,928.6
50.9,510.5,1221.4,1707.0
40.2,572.8,895.1,1563.1
51.7,792.1,932.6,2422.7
32.0,427.0,616.4,1322.3
39.5,607.5,731.5,1805.6
46.2,471.7,790.8,1946.7
53.7,788.3,1371.4,2058.3
39.6,445.3,963.4,1160.0
48.8,561.4,970.1,1951.1
56.6,695.2,1327.4,2208.1
48.5,681.8,1152.8,1869.0
37.0,569.1,898.6,1332.3
30.7,538.6,764.2,1133.9
56.1,559.0,1448.4,1824.7
30.6,505.7,712.1,1123.9
56.2,482.1,1522.0,1656.0
45.9,593.2,894.4,1977.7
58.2,507.4,1621.1,1697.5
54.0,515.0,1558.1,1452.3
59.9,662.7,1586.5,2086.8
40.5,787.4,1117.0,1613.2
53.0,641.5,1337.9,1847.5
42.1,430.8,971.7,1313.3
44.4,430.2,835.3,1667.5
48.8,780.6,1421.7,1601.8
56.2,518.9,766.6,2585.1
59.5,436.8,726.7,2723.7
53.0,639.6,1300.6,1925.8
42.5,649.5,1173.1,1377.1
42.6,659.4,986.1,1773.2
52.1,507.0,1499.2,1346.2
37.2,406.0,752.6,1326.1
33.3,786.0,1095.8,1085.0
40.6,500.4,640.3,1857.7
38.6,670.4,1222.0,975.9
38.9,682.7,1008.7,1455.9
37.0,644.0,880.6,1541.9
31.3,525.2,779.4,1122.7
30.5,508.4,841.6,822.1
59.6,639.1,819.4,2795.6
42.8,746.4,1165.3,1570.1
41.5,778.7,1161.8,1612.2
50.4,442.4,1241.5,1528.0
36.5,461.9,802.5,1311.3
58.5,777.9,1688.6,2027.3
53.6,694.6,1724.8,1430.1
32.7,753.2,1114.4,895.1
42.5,481.1,653.5,1864.5
56.4,635.0,1647.1,1713.5
58.3,680.5,1782.2,1714.5
44.0,672.0,1131.2,1600.7
48.4,563.3,877.6,2047.3
35.0,406.2,844.3,924.1
59.7,633.2,1388.5,2268.6
37.0,501.2,978.7,1022.9
58.3,580.1,1808.9,1504.9
49.5,783.0,1689.7,1296.0
48.2,559.6,822.5,2111.1
45.4,735.9,1425.5,1255.0
36.9,475.4,970.8,960.5
35.3,669.0,989.7,1230.2
36.6,790.8,944.7,1610.7
35.6,440.8,852.6,1100.0
53.4,403.3,1146.8,1841.3
40.5,573.4,1171.8,1049.0
31.7,437.1,675.8,1114.0
59.1,699.4,1448.9,2244.6
56.5,765.8,1450.6,2138.8
57.8,573.6,1533.9,1878.4
59.8,503.5,1527.7,1921.1
35.2,573.8,1029.3,964.9
41.9,689.4,1160.2,1392.9
52.7,403.6,1373.0,1436.8
50.9,635.8,1011.4,2149.6
34.6,645.3,702.9,1618.0
54.5,655.1,815.0,2550.9
36.7,496.8,606.1,1633.3
36.7,685.6,970.4,1414.2
46.1,436.6,784.6,1879.8
47.8,479.7,1214.7,1501.4
47.4,751.0,1169.3,1857.8
32.7,695.5,951.3,1154.3
56.3,405.5,1168.0,2018.9
38.0,499.4,714.0,1596.6
33.9,485.8,827.2,1062.1
56.7,508.3,1458.9,1822.0
58.7,499.0,761.1,2687.3
55.9,425.0,1534.1,1467.3
54.3,583.6,1269.3,1950.3
49.7,693.1,870.0,2261.3
46.5,642.7,1067.7,1802.1
32.6,669.1,900.5,1216.1
42.3,432.5,980.9,1293.8
41.2,780.6,1284.0,1347.6
37.8,735.4,910.6,1669.3
51.7,722.0,1298.5,1943.1
44.9,729.2,1170.2,1641.7
32.4,773.1,1134.4,883.4
36.6,617.7,1106.3,928.3
50.5,480.1,633.8,2357.4
32.3,646.7,923.7,1080.9
55.5,697.2,1311.7,2142.2
44.9,695.2,1406.5,1201.8
44.4,608.6,942.4,1793.1
47.8,427.4,606.5,2196.7
54.7,548.4,1188.9,2077.5
40.4,768.3,1318.7,1125.6
50.3,633.8,1184.6,1917.4
47.0,615.3,916.4,1984.2
38.0,507.5,868.8,1297.9
56.4,547.4,866.5,2524.7
53.9,758.1,1288.0,2135.1
49.8,666.6,896.2,2250.5
55.5,715.0,1281.0,2166.8
56.0,581.7,1681.2,1565.9
51.3,652.1,1438.6,1638.4
55.1,499.4,1465.4,1628.0
50.9,682.2,885.3,2314.4
50.4,571.0,965.4,2122.5
48.6,577.0,982.1,1953.0
52.6,659.7,1471.4,1670.6
34.8,774.5,1139.4,1012.9
56.4,425.6,887.9,2371.0
56.2,729.9,1500.8,2003.0
30.9,517.0,831.9,928.8
54.8,577.6,1149.9,2129.3
33.9,408.8,805.5,877.4
40.1,520.4,993.8,1295.3
52.3,601.1,1292.9,1859.1
34.8,422.5,810.6,986.5
54.5,596.4,777.1,2571.8
55.0,770.8,1748.8,1632.7
45.2,442.2,1162.0,1263.2
30.2,705.8,1001.0,893.1
38.6,563.9,737.8,1633.4
48.5,662.1,1273.8,1677.1
59.4,504.1,1281.0,2242.0
49.0,463.8,1337.7,1247.0
37.8,464.2,982.8,974.1
49.0,428.2,1037.3,1717.2
46.2,474.3,694.8,2003.9
53.4,665.7,965.8,2398.4
33.2,752.7,1130.4,895.0
52.8,725.7,1359.9,1960.7
46.2,674.1,854.7,2106.0
58.9,444.2,1407.9,1986.3
40.3,515.7,714.1,1757.8
49.0,523.9,1343.5,1371.8
58.0,500.0,741.7,2668.9
33.1,606.0,780.7,1386.1
58.1,614.2,834.3,2683.8
50.6,542.8,1004.8,2036.8
32.0,541.5,812.2,1062.8
39.0,731.4,864.1,1799.6
51.2,715.7,1519.9,1598.9
32.0,523.1,829.2,1039.8
47.5,765.5,1144.3,1935.1
40.4,781.1,988.8,1704.7
48.6,530.7,703.2,2232.6
31.4,541.8,871.4,928.9
56.1,602.3,1017.6,2411.8
59.2,776.4,1332.6,2463.9
59.1,750.5,2013.4,1561.4
52.5,441.0,1177.8,1769.6
33.9,557.1,893.7,1063.3
52.7,621.3,1449.5,1680.1
30.7,601.3,619.5,1448.2
30.7,477.5,679.9,1210.1
39.7,743.5,1004.6,1633.9
44.7,670.8,806.2,2097.8
53.1,735.2,1489.2,1778.6
50.5,743.5,1092.4,2173.5
43.4,699.3,1218.5,1508.5
38.2,575.7,706.0,1702.8
59.9,644.2,1844.1,1741.4
42.8,464.1,593.8,1981.9
43.5,669.5,1254.7,1302.9
34.9,471.7,833.5,1128.9
53.8,677.6,1116.1,2262.2
50.8,491.8,1181.7,1720.4
36.6,447.0,733.7,1416.8
32.5,466.1,709.9,1136.6
50.4,400.8,765.1,2102.5
49.6,687.5,1473.8,1495.9
38.2,693.0,1220.8,1005.2
58.5,606.0,1617.4,1858.1
34.5,464.5,769.4,1231.8
43.0,433.4,1058.7,1236.7
58.3,407.7,1380.7,1923.2
42.6,466.3,952.1,1448.1
49.2,756.3,1639.5,1292.4
41.9,496.6,857.9,1598.5
38.2,541.7,714.0,1716.3
59.5,442.1,1629.2,1691.2
42.3,488.9,885.7,1625.7
56.8,607.7,1191.6,2270.5
36.9,643.1,980.3,1270.6
36.4,498.1,740.5,1483.9
30.9,423.1,679.0,1059.2
49.6,556.4,1147.8,1801.4
41.1,493.7,1141.3,1033.2
55.9,487.8,1027.6,2268.8
44.2,783.9,1130.4,1762.6
59.0,646.5,1937.9,1527.2
35.6,622.8,974.9,1183.8
56.1,566.3,757.8,2636.3
53.3,571.6,1284.7,1837.0
53.1,616.4,1290.7,1928.2
55.3,678.6,933.7,2516.7
52.8,680.9,1156.5,2173.4
48.8,468.7,977.2,1858.6
33.9,600.0,754.6,1457.6
31.0,564.8,672.7,1376.8
57.6,748.2,1566.9,2033.0
48.5,652.6,1253.8,1730.9
53.9,613.0,1436.0,1815.6
44.4,446.2,576.2,2077.9
33.5,642.3,855.9,1363.8
33.8,446.9,843.5,907.1
50.6,534.9,792.5,2246.0
42.9,457.1,906.1,1536.7
36.0,676.8,1149.1,956.1
44.7,482.5,918.5,1672.2
31.9,556.7,833.4,1097.8
47.5,758.3,987.0,2123.8
38.1,481.7,937.6,1126.5
53.9,603.1,959.5,2351.0
39.3,567.7,917.6,1476.0
43.7,407.2,1100.5,1145.1
30.3,717.1,790.3,1422.3
32.2,427.6,650.6,1175.4
41.8,589.7,1122.0,1317.8
44.4,624.3,1093.7,1578.9
48.0,651.4,882.3,2126.5
38.7,675.5,1111.9,1234.6
50.8,501.3,1335.0,1491.7
55.8,404.0,1467.9,1557.2
53.4,689.4,1538.6,1692.7
31.2,614.3,760.9,1327.1
44.4,734.4,1215.6,1581.7
33.1,728.6,1054.8,998.4
37.3,737.3,1219.3,1070.9
59.6,594.0,1607.8,1936.2
34.3,533.5,619.6,1581.7
45.0,716.6,1301.4,1471.2
48.5,580.5,710.3,2292.9
51.1,473.4,1121.0,1834.5
46.8,742.0,1474.8,1358.4
30.3,753.0,826.4,1364.7
39.8,586.5,1015.0,1407.0
45.5,430.3,773.9,1865.3
32.6,555.1,612.2,1538.2
40.5,721.4,1332.6,1058.7
31.0,760.7,1102.9,842.3
32.4,481.4,655.3,1333.5
41.9,426.8,997.3,1313.4
34.0,750.9,1128.0,990.5
47.0,555.8,1360.4,1217.3
50.7,616.7,1569.0,1292.0
54.0,787.2,1211.8,2291.7
36.0,426.6,848.6,1009.0
35.0,659.3,933.6,1244.2
33.1,429.6,642.1,1280.2
49.1,550.2,1152.4,1700.5
51.2,721.5,1681.8,1311.1
30.9,573.4,711.7,1319.3
58.1,798.9,2042.8,1465.9
31.6,623.6,746.4,1330.0
46.2,528.5,728.8,2085.3
51.3,488.0,1180.9,1781.1
56.1,540.2,1225.1,2079.6
51.4,549.0,1208.2,1837.4
54.1,427.5,1234.7,1824.6
40.2,547.8,716.5,1806.9
54.4,585.7,879.5,2456.2
32.4,689.1,1024.5,1054.9
56.8,662.7,1298.1,2207.8
46.4,683.5,856.4,2129.0
54.5,403.3,589.8,2543.1
43.6,487.1,931.8,1588.2
49.3,664.7,1301.2,1735.1
45.8,593.6,1211.8,1431.9
51.9,402.1,567.7,2419.4
32.4,721.8,1101.3,915.5
31.8,709.1,937.4,1210.3
37.4,619.4,1038.5,1173.2
34.8,426.6,807.7,1088.0
56.2,706.6,1554.5,1915.5
36.6,633.5,721.9,1736.4
59.3,712.8,1987.0,1555.2
40.1,700.7,1055.4,1524.8
35.5,721.2,1208.2,952.5
53.7,607.2,1590.0,1528.9
49.8,456.1,1092.1,1736.2
44.9,668.5,1151.5,1639.9
46.7,648.2,1317.6,1438.2
51.6,696.9,1513.9,1656.6
36.9,468.0,952.4,993.5
59.9,478.0,1540.9,1905.8
59.2,756.2,964.5,2769.5
49.5,700.0,893.1,2290.1
36.0,763.3,1149.6,1170.8
50.4,703.5,1238.7,1907.6
32.2,638.9,737.1,1462.5
30.9,661.7,996.2,777.3
37.7,755.7,937.9,1631.5
43.9,631.5,774.2,2033.3
56.0,653.0,1789.4,1516.4
51.8,462.6,1353.2,1483.6
52.3,589.6,749.1,2437.2
42.8,686.6,1084.2,1586.3
40.4,508.4,1094.5,1022.3
41.1,480.9,1025.9,1266.7
59.6,525.5,1449.3,2094.4
31.2,496.6,667.4,1266.6
56.0,486.0,992.5,2324.2
47.4,569.9,685.7,2244.7
43.2,763.1,1324.1,1358.2
51.8,602.8,1199.4,1920.7
44.6,475.2,920.5,1650.2
56.2,430.8,1251.2,1918.0
57.0,678.5,1768.5,1642.6
42.7,553.1,658.6,2004.3
38.3,728.7,900.3,1693.1
47.8,663.8,1207.7,1729.9
57.4,718.5,1382.3,2213.0
36.3,508.8,916.0,1093.7
48.7,676.9,1206.0,1812.9
48.9,505.6,923.3,1989.0
52.0,775.6,1386.2,1902.5
33.9,654.5,716.8,1605.1
51.5,529.8,1062.2,1994.9
57.3,507.8,1407.5,1909.8
35.4,476.4,644.0,1499.6
37.1,677.9,1141.3,1070.6
59.1,487.5,1427.2,1990.2
35.4,638.1,1000.8,1162.3
55.6,505.9,1293.9,1931.3
44.8,664.8,955.7,1906.7
37.4,726.0,1100.3,1343.0
56.1,711.2,1115.7,2405.7
43.4,704.3,1110.2,1646.4
45.4,475.1,1055.2,1485.9
40.8,435.4,661.0,1762.6
47.8,679.6,1381.4,1450.9
34.9,547.3,943.7,1048.9
41.7,572.9,970.4,1517.0
59.1,412.5,1489.5,1823.8
37.7,503.8,1019.7,951.3
49.7,413.5,886.7,1967.5
39.8,751.7,1108.3,1451.1
53.2,497.4,1226.5,1863.4
33.9,622.9,690.0,1586.3
59.1,415.6,1159.3,2236.8
43.6,666.7,869.1,1937.6
37.1,529.2,987.6,1043.4
32.2,759.2,984.4,1217.6
35.1,755.2,905.6,1562.7
45.6,530.1,953.7,1738.0
40.1,760.4,1037.4,1650.7
54.9,798.5,1655.6,1830.9
42.9,730.2,1369.0,1162.5
37.5,737.9,1068.0,1322.5
48.5,499.6,1140.8,1643.5
51.2,630.7,894.6,2279.0
35.0,426.9,839.9,1067.5
35.0,438.0,515.6,1637.6
31.1,799.6,851.8,1448.0
52.1,530.7,1363.0,1592.5
49.9,699.3,1424.2,1638.7
44.2,722.7,894.7,1997.4
55.3,743.2,936.4,2586.4
54.2,799.1,1562.6,1894.7
47.6,496.6,1150.6,1532.5
56.0,416.1,1133.6,2064.7
36.2,564.5,789.8,1464.2
33.4,452.0,802.7,1039.2
38.1,409.0,641.8,1583.5
31.7,544.2,906.0,829.7
45.9,713.5,1481.8,1199.3
58.1,626.5,1542.3,1957.4
31.2,525.1,777.9,1027.5
33.7,661.7,998.6,1080.7
43.6,492.8,976.9,1570.5
58.0,405.8,1376.7,1869.1
39.5,705.7,1205.5,1157.9
45.2,649.5,1241.0,1445.3
31.2,704.9,773.8,1466.6
34.5,415.6,737.3,1179.9
59.6,734.8,1637.9,2086.3
59.0,647.8,1369.5,2238.6
30.1,625.4,677.5,1420.7
58.6,649.8,1705.5,1782.2
49.2,745.8,1170.4,1983.1
56.0,634.8,1156.6,2303.7
43.6,632.4,996.5,1687.4
45.5,796.3,1505.7,1227.3
44.7,702.7,1078.1,1796.9
50.0,576.9,1468.4,1322.3
34.2,683.0,939.5,1313.3
30.9,555.7,699.7,1286.7
39.2,491.6,986.5,1167.2
51.1,638.7,943.2,2246.9
36.1,771.3,1236.5,926.0
50.2,771.7,1058.6,2208.2
59.1,536.8,1404.1,2089.5
32.8,611.1,937.2,981.1
50.2,484.7,1353.6,1405.5
43.3,798.3,922.8,2011.8
56.0,792.4,1914.9,1492.7
35.3,659.8,1048.4,1041.1
50.8,721.8,1479.2,1666.9
55.1,686.0,1296.7,2148.1
58.3,637.3,1408.5,2173.6
50.5,421.3,1296.8,1405.2
44.9,581.9,1163.8,1415.7
48.5,669.9,1442.4,1474.1
56.1,671.0,1683.4,1671.1
47.1,549.2,1127.2,1613.8
30.9,776.7,941.9,1262.5
57.9,466.9,1562.6,1731.6
50.7,600.1,1316.3,1685.3
50.3,676.4,1382.5,1699.8
36.5,678.9,773.3,1713.0
49.8,659.5,811.5,2313.1
41.8,510.1,727.6,1798.2
49.5,462.5,1249.1,1507.8
33.2,654.4,1009.6,880.8
49.7,639.7,1363.6,1598.0
60.0,471.7,1557.6,1859.6
31.4,682.1,907.5,1144.1
59.3,582.1,1065.8,2520.8
42.2,667.1,852.9,1870.3
56.1,734.9,1081.4,2469.9
53.5,467.9,1254.8,1769.5
47.0,407.7,823.4,1902.2
52.2,711.6,1541.2,1670.9
56.4,643.9,1772.7,1486.1
42.1,679.9,1000.5,1718.0
39.8,735.3,1320.1,1004.1
50.0,721.1,1388.8,1711.3
54.2,784.4,1636.2,1757.8
52.9,614.4,1080.5,2146.5
53.9,595.4,1026.6,2278.2
43.1,560.8,1113.9,1371.4
54.5,461.5,828.1,2359.3
33.6,629.0,948.4,1062.4
46.3,510.8,1043.6,1623.7
30.2,768.5,887.7,1247.9
39.7,633.3,902.7,1613.0
41.0,637.1,710.2,1935.6
41.9,542.0,1098.0,1259.3
50.9,420.8,911.1,2029.6
41.7,412.7,778.1,1612.9
43.5,569.3,728.1,1981.4
37.1,433.8,897.5,1058.8
41.2,642.7,923.2,1726.8
36.8,752.4,1050.9,1391.2
32.2,753.2,1065.0,1003.9
48.1,663.6,1210.2,1716.1
50.0,484.5,1213.3,1627.0
48.6,745.2,1254.9,1847.9
43.9,754.4,928.0,1975.8
41.4,478.7,849.9,1565.1
55.9,695.0,1290.9,2192.0
45.6,514.6,991.7,1671.2
44.4,721.1,1399.0,1160.5
30.8,798.9,1095.8,930.4
40.2,412.0,814.8,1451.4
41.4,758.9,1256.0,1324.2
42.0,649.1,1232.3,1220.7
47.4,789.4,1308.0,1722.8
46.0,586.0,1209.1,1484.4
48.2,739.0,1457.4,1486.1
52.9,425.0,1108.4,1876.4
54.4,534.1,1569.4,1522.8
51.5,426.8,650.9,2364.5
58.7,790.1,1137.4,2612.0
30.5,726.8,888.3,1250.0
35.9,741.0,1199.4,982.6
30.2,775.2,912.3,1283.4
49.4,434.0,719.1,2134.1
56.9,554.2,1031.6,2407.2
37.3,428.4,904.2,1028.3
57.8,484.3,1107.7,2282.8
31.8,491.7,649.5,1392.3
58.0,587.6,1303.9,2204.7
40.5,507.4,809.5,1603.5
33.0,440.4,680.9,1166.8
44.6,467.0,940.4,1644.7
37.7,458.9,960.6,971.7
38.5,789.2,1056.3,1517.8
39.2,703.7,1246.3,1052.3
54.1,787.1,1563.1,1881.7
46.2,575.9,1228.2,1458.4
39.3,511.3,852.8,1466.3
48.3,719.3,1524.9,1352.8
51.5,530.5,974.6,2088.3
38.2,519.8,714.4,1637.4
42.4,493.0,1097.5,1216.0
33.7,451.9,863.4,920.4
35.4,502.6,944.1,1001.9
50.4,542.1,803.3,2256.2
35.4,669.6,950.5,1307.3
45.8,425.0,954.8,1624.9
51.3,484.2,1402.5,1404.9
33.2,723.6,912.6,1315.5
47.0,458.8,681.4,2093.8
37.7,537.1,707.7,1644.9
58.9,745.9,1433.8,2301.7
44.5,462.0,1167.3,1188.0
54.2,433.1,1437.8,1491.5
46.5,593.8,1381.2,1214.3
31.3,521.0,826.8,963.9
49.0,625.4,1450.6,1374.4
58.5,721.5,1796.5,1806.1
48.0,454.9,1101.2,1617.5
54.6,632.3,840.2,2522.3
56.5,602.2,1231.8,2189.5
36.8,457.6,600.2,1613.2
36.4,649.6,877.0,1490.2
48.3,509.5,1345.0,1330.6
42.3,595.1,867.4,1759.2
55.2,432.9,1359.8,1721.5
57.0,583.8,1222.7,2244.7
40.6,522.6,1002.5,1326.6
37.1,729.0,804.0,1760.6
53.4,422.8,1285.6,1652.1
38.2,567.4,1022.7,1196.3
54.7,583.4,802.3,2511.9
42.7,690.0,1346.9,1091.5
50.0,629.7,1047.7,2034.9
32.9,666.9,829.3,1358.0
48.7,710.8,982.8,2134.7
43.6,744.9,836.3,2043.7
47.6,525.6,673.9,2234.8
35.0,615.2,1074.0,927.5
52.1,736.0,1037.3,2266.2
55.9,795.8,1395.4,2209.8
36.5,755.8,992.7,1444.2
32.9,548.6,933.6,916.7
30.7,478.1,652.4,1217.0
49.3,595.8,732.6,2320.4
48.2,696.7,893.0,2194.5
46.4,597.0,1167.8,1618.5
37.0,593.3,1074.4,957.2
41.7,735.3,1232.3,1383.3
47.8,544.6,835.5,2085.3
44.9,743.9,1092.1,1831.3
59.6,562.7,1487.6,2107.2
34.1,531.3,944.5,894.6
50.9,581.6,1269.6,1759.8
42.1,705.0,1142.1,1497.8
42.8,450.4,613.5,1966.3
51.5,478.6,980.7,2031.5
50.8,780.6,1535.4,1625.4
59.7,470.2,1306.5,2199.5
33.9,627.1,1031.9,896.6
33.1,631.7,676.8,1552.9
51.7,595.8,1339.7,1712.3
47.4,657.9,1215.1,1692.9
38.2,491.9,925.3,1261.2
32.4,621.1,805.5,1306.8
32.6,548.9,761.3,1299.5
56.8,664.7,1168.2,2335.2
35.8,456.5,842.8,1109.6
39.7,628.4,1087.2,1274.5
36.8,474.1,939.9,1023.7
40.6,511.5,816.8,1615.8
32.1,487.5,874.5,830.8
45.6,473.1,890.9,1752.1
32.0,730.3,837.8,1427.4
54.0,514.3,788.4,2432.8
37.0,770.8,1104.3,1299.2
46.2,788.0,1320.5,1632.5
56.4,628.5,1762.3,1507.7
49.5,457.2,892.6,1985.6
46.0,549.8,808.2,1999.5
39.7,719.1,1215.7,1212.0
40.0,547.0,959.8,1378.8
50.1,434.8,742.4,2197.4
59.8,622.7,962.2,2676.2
49.9,738.0,1508.4,1519.2
46.7,718.4,1241.5,1747.3
51.9,470.0,1338.5,1522.9
44.0,669.1,1327.0,1199.7
31.8,488.2,586.2,1447.1
46.9,487.3,724.6,2037.0
58.7,749.6,1248.0,2472.5
35.3,499.9,984.3,920.2
50.7,505.3,772.8,2230.0
36.0,400.3,704.1,1255.8
46.1,748.3,1333.1,1506.8
32.9,717.0,970.6,1227.0
43.5,650.9,1337.2,1177.2
52.7,700.1,1099.9,2214.1
40.4,460.8,813.6,1540.5
49.9,583.3,1426.2,1458.4
53.9,540.5,1522.0,1574.7
57.8,437.5,1537.2,1685.1
37.0,594.5,1056.3,973.5
42.0,768.3,1122.1,1604.7
34.6,416.0,546.4,1518.0
59.8,516.6,1838.4,1517.9
57.8,483.0,1695.8,1509.0
46.2,495.3,966.5,1750.3
55.3,763.4,1156.9,2400.5
45.6,587.2,1189.8,1476.2
48.7,586.5,1276.7,1600.8
32.7,704.2,928.2,1255.3
52.7,461.8,1310.4,1641.3
33.8,594.9,1030.8,866.0
54.8,572.0,1037.8,2275.8
53.5,638.8,1225.8,2089.1
51.3,799.8,1330.6,1951.4
31.1,707.8,847.3,1295.9
39.1,559.1,827.6,1571.3
37.9,731.0,1203.4,1122.9
40.8,468.3,958.7,1343.7
32.6,412.2,779.1,908.3
58.1,481.8,1622.3,1622.5
46.6,536.2,932.4,1874.6
39.2,604.2,780.0,1735.8
41.9,646.1,730.3,1955.6
43.4,764.2,1129.2,1699.2
48.0,603.9,1341.3,1399.3
45.5,600.5,1314.4,1244.8
57.6,420.1,821.7,2492.7
44.9,414.0,851.4,1707.5
59.8,620.5,1326.5,2325.5
55.5,575.3,979.7,2365.2
36.3,735.7,968.0,1480.1
57.9,464.3,834.4,2535.4
33.5,410.0,821.0,879.6
54.5,579.6,1014.0,2280.1
41.4,495.0,678.7,1828.4
56.3,419.8,1387.0,1771.2
56.0,689.8,1292.4,2208.6
54.2,444.6,1328.6,1737.4
53.7,643.3,834.0,2500.0
39.1,512.4,1079.8,1007.9
32.4,469.4,684.2,1233.7
42.1,551.9,1147.6,1209.9
35.2,720.6,929.7,1444.3
50.8,556.8,1414.5,1472.4
40.4,700.3,1189.3,1223.4
59.3,450.2,1294.8,2141.0
49.2,709.1,919.2,2244.1
54.7,494.8,1449.6,1627.3
34.0,671.0,1044.7,959.7
55.9,626.3,1103.7,2350.4
57.7,771.7,1567.5,2091.8
44.6,554.9,722.0,2030.5
48.2,426.5,1198.5,1363.7
52.9,407.7,920.7,2093.1
35.2,730.7,1144.2,1065.8
45.1,609.9,1297.2,1285.9
42.0,710.1,1008.1,1694.2
34.4,493.8,744.7,1319.2
41.0,538.0,774.0,1722.4
32.0,412.0,738.2,1024.3
30.8,784.6,1045.3,1079.5
34.1,667.1,969.9,1162.1
58.9,773.3,956.4,2776.4
46.5,506.2,1116.5,1467.8
59.0,644.6,1665.3,1865.6
43.0,671.4,1173.0,1417.2
39.4,527.0,863.1,1483.8
45.2,739.2,1370.9,1386.1
43.2,778.9,915.8,1969.0
33.2,753.9,1088.7,1027.5
49.2,695.6,926.6,2222.8
36.5,511.0,985.6,997.0
48.6,512.6,917.7,1932.5
49.5,785.3,998.2,2247.9
34.6,404.1,782.5,995.2
31.8,686.4,763.0,1489.7
53.4,682.5,1414.4,1879.9
43.8,649.1,773.0,2026.7
31.7,796.0,962.3,1277.0
59.8,524.8,1584.9,1902.2
31.7,536.0,833.5,927.8
50.9,431.6,1205.4,1618.8
59.5,577.1,1823.9,1612.3
37.2,504.4,989.6,1049.7
34.3,537.4,932.3,937.4
33.6,733.8,1020.8,1161.2
39.1,774.2,953.2,1677.3
33.0,474.3,831.5,930.9
50.8,549.0,1417.7,1418.0
31.9,771.5,977.6,1258.1
45.3,424.7,1084.1,1333.0
59.9,436.9,1702.1,1629.1
54.4,465.1,1450.4,1564.8
48.5,638.1,808.7,2218.5
39.2,460.2,644.8,1704.0
48.7,787.2,1467.0,1606.0
45.8,578.7,946.5,1821.3
42.8,600.6,1024.4,1586.7
33.9,498.7,688.7,1364.8
56.6,588.4,1139.2,2284.3
43.5,664.8,1038.8,1702.6
35.8,700.5,1086.1,1110.5
41.0,701.5,1318.5,1061.8
42.4,631.2,1079.1,1495.5
54.8,761.7,1046.7,2469.7
52.0,727.0,1270.2,1966.6
53.1,702.8,1006.6,2321.1
30.3,422.2,479.6,1435.0
42.5,402.8,1023.8,1218.5
44.4,485.0,808.8,1802.7
30.6,665.4,827.5,1228.3
37.8,564.5,650.7,1778.2
52.8,561.0,724.4,2491.3
34.1,753.8,924.5,1379.9
46.1,758.2,1411.4,1403.9
36.5,763.7,932.5,1566.4
30.4,525.6,858.6,832.2
37.2,676.4,904.7,1585.0
59.3,508.7,808.5,2695.8
54.0,476.2,1255.6,1816.7
58.8,473.9,1146.3,2303.8
44.6,536.8,1073.6,1547.9
33.3,572.0,858.6,1160.2
46.4,732.4,1355.9,1485.3
43.6,448.0,737.8,1839.0
55.3,694.0,935.4,2548.8
32.9,612.6,677.2,1520.9
44.6,515.2,1183.9,1291.8
34.5,597.1,732.0,1541.6
39.7,520.0,780.9,1652.9
52.1,638.4,1484.0,1599.5
44.3,573.5,1272.9,1174.1
41.3,465.8,1008.0,1280.8
41.8,446.6,578.1,1904.5
43.8,618.7,993.2,1718.3
53.6,761.0,1199.6,2207.6
56.8,537.6,1553.8,1747.5
58.7,693.2,1242.4,2416.0
53.6,663.5,1741.7,1374.1
39.5,772.6,1210.3,1319.8
50.6,728.4,1208.2,1980.3
43.1,626.6,1280.4,1220.0
37.6,662.8,857.9,1638.0
55.2,759.4,1738.0,1672.7
31.2,559.8,728.1,1236.0
57.1,530.7,1395.9,1946.5
43.8,404.3,800.4,1684.1
49.1,730.6,1563.6,1346.6
49.8,720.4,1665.6,1263.5
56.9,441.8,723.8,2584.9
49.1,630.7,1330.2,1525.4
48.4,585.6,878.0,2103.4
32.0,447.5,492.5,1519.5
45.6,792.2,1461.1,1355.5
34.5,485.9,847.3,1068.5
52.1,426.9,931.7,2080.5
45.4,637.9,785.2,2119.6
50.4,695.5,913.3,2298.8
31.3,413.0,638.6,1134.8
32.5,663.5,802.8,1395.8
51.5,612.9,1521.5,1444.5
32.2,441.3,489.6,1511.4
32.1,469.0,543.7,1500.8
30.4,627.2,943.3,870.9
58.7,518.5,1570.2,1862.8
52.1,775.3,1749.1,1420.6
40.6,727.5,1222.2,1263.1
38.9,793.4,993.3,1686.5
40.5,503.9,941.1,1356.9
53.2,787.9,1802.6,1436.9
49.8,572.5,1275.6,1629.8
35.6,539.0,595.3,1674.0
35.2,420.1,664.0,1379.6
33.0,421.1,667.5,1132.3
49.8,676.8,1481.0,1431.9
52.9,583.2,733.6,2497.8
38.0,490.6,667.7,1649.7
30.6,645.6,924.9,959.7
32.5,501.1,855.6,862.8
59.0,631.1,1880.2,1551.1
38.9,543.7,1072.8,1076.8
53.1,729.4,1330.2,2020.5
48.7,728.3,915.0,2237.0
41.5,590.9,1017.8,1499.8
36.2,540.3,694.6,1590.3
33.6,545.0,821.9,1178.5
48.5,722.3,1104.8,1983.7
53.2,531.3,952.7,2207.7
49.3,483.6,1291.4,1426.0
45.9,433.9,1041.8,1520.8
31.3,586.7,783.1,1229.7
59.1,592.9,1864.4,1570.3
54.0,736.4,1548.4,1788.0
38.8,488.5,848.2,1436.3
59.4,552.4,727.2,2816.4
48.1,723.4,1312.2,1714.5
47.5,729.4,1008.5,2058.5
52.4,553.8,1276.4,1820.9
54.4,583.6,994.5,2332.8
49.7,521.3,1025.0,1908.1
33.8,773.0,886.2,1521.2
40.1,447.5,894.6,1374.9
57.8,773.5,1447.5,2232.5
36.7,673.5,914.3,1439.2
41.2,612.6,1091.2,1415.7
43.0,413.1,1034.4,1213.6
43.2,590.2,1251.0,1170.5
48.4,563.1,1449.6,1227.9
58.3,464.5,799.2,2603.0
37.2,662.6,1085.4,1128.6
33.6,788.5,1157.8,1001.2
35.9,624.9,797.4,1493.0
56.6,685.9,1619.3,1822.8
49.4,427.4,1004.5,1796.5
38.6,567.1,1062.7,1105.5
54.5,446.5,618.7,2538.4
55.8,645.1,1011.9,2466.0
55.4,775.4,1099.5,2461.5
57.6,664.7,1570.1,1966.1
37.6,430.7,630.9,1583.6
52.7,541.9,1472.7,1486.7
43.8,620.3,1340.5,1103.9
55.3,561.3,1689.3,1406.3
51.9,733.5,1275.6,1980.8
53.3,725.9,1462.3,1878.4
49.7,644.7,1206.3,1821.2
35.3,549.4,987.6,889.0
46.4,502.1,1084.5,1599.6
59.5,442.3,1006.3,2450.5
58.1,542.0,1396.1,2032.0
31.3,565.3,691.5,1298.0
34.9,670.3,1083.6,1056.8
34.0,663.3,788.1,1470.0
51.8,428.0,985.4,1980.0
54.5,558.1,1532.6,1621.9
36.4,472.7,897.9,1104.0
45.2,462.7,857.3,1767.8
55.2,730.9,1066.8,2411.7
52.0,416.8,1118.0,1785.7
46.3,567.7,1234.4,1425.6
47.7,467.3,691.8,2123.5
45.3,751.7,1121.4,1812.7
38.9,622.8,1017.7,1365.6
47.0,492.6,1038.5,1689.2
50.7,601.0,1416.4,1499.5
56.2,692.6,1338.9,2197.6
49.1,783.2,1472.5,1623.4
52.8,488.2,629.4,2504.4
34.8,754.5,1065.9,1246.1
43.8,773.7,1274.0,1575.5
30.3,766.6,942.4,1142.5
37.4,654.2,767.8,1706.5
51.8,651.9,964.7,2228.1
59.8,561.3,1467.1,2100.4
33.0,701.0,881.5,1357.6
42.0,612.5,980.2,1605.7
54.0,671.0,1360.1,1948.3
36.1,571.4,968.6,1059.3
46.7,692.6,1239.8,1653.3
52.0,729.8,1599.3,1587.4
48.5,458.6,648.1,2209.9
35.6,733.2,1105.8,1160.0
40.7,616.1,706.6,1887.8
53.5,737.9,1392.8,1979.7
46.6,572.5,985.2,1828.2
30.2,551.6,743.0,1122.3
52.8,766.0,1715.3,1474.5
31.1,500.5,761.0,1039.1
52.4,737.7,1708.1,1426.1
36.1,593.6,828.4,1407.5
58.7,605.6,1477.0,2059.2
41.0,523.4,756.3,1744.3
39.8,629.2,1120.6,1192.7
34.5,530.1,955.3,989.3
39.2,415.7,812.3,1337.3
56.3,508.8,751.0,2581.2
59.9,402.6,976.3,2454.6
41.0,791.3,1261.4,1413.2
43.5,786.3,1231.9,1592.3
51.7,558.1,1492.4,1389.4
56.6,691.3,885.1,2668.2
47.8,538.3,952.7,1911.4
41.7,668.4,1199.5,1311.7
42.4,722.2,1091.4,1618.0
50.9,778.7,1670.9,1397.0
30.1,560.1,622.4,1406.5
48.6,713.3,1490.3,1405.8
40.7,506.4,842.3,1609.5
53.8,796.1,1685.9,1642.9
32.8,410.3,606.9,1349.1
47.6,641.4,955.6,2023.9
44.4,663.8,1018.8,1783.9
49.3,675.2,1169.6,1913.0
31.9,448.2,534.2,1440.1
47.4,775.4,1589.7,1268.8
46.8,472.5,1067.0,1519.9
46.8,649.1,1324.2,1432.1
48.1,489.1,599.8,2272.0
50.3,522.9,1192.2,1698.0
54.1,618.6,1072.2,2246.3
38.1,566.9,824.4,1539.3
54.8,464.1,1442.1,1630.1
44.9,468.4,1109.3,1365.4
32.3,567.3,874.4,1012.3
31.8,702.9,976.1,1087.7
40.0,759.2,1268.5,1211.7
53.5,433.7,1510.1,1362.3
51.2,557.2,828.3,2294.4
53.7,440.1,622.9,2507.3
45.5,406.6,986.4,1487.8
43.2,664.7,1191.1,1409.2
34.4,641.0,1075.2,866.1
39.8,465.2,738.5,1606.0
43.0,493.5,720.2,1874.5
32.7,409.5,782.7,924.2
36.6,734.0,1184.4,1047.0
47.9,789.9,1098.2,2051.0
52.1,454.2,992.8,2023.8
60.0,492.6,1795.6,1559.3
58.0,747.4,1391.6,2262.2
49.3,770.6,1462.6,1574.4
42.6,567.9,1063.3,1419.7
49.1,420.2,769.0,2077.2
53.6,415.8,766.7,2316.7
33.6,629.6,928.5,1141.0
42.3,557.2,691.3,1958.8
55.2,411.5,1232.1,1884.6
41.5,633.3,860.2,1758.8
47.2,404.5,958.5,1692.3
47.6,714.9,939.4,2152.8
35.5,522.6,615.9,1614.1
40.9,416.1,995.9,1102.1
40.0,635.3,774.2,1844.5
30.8,559.1,670.8,1341.5
30.7,789.5,882.3,1315.2
55.0,617.7,1580.2,1622.2
38.2,510.1,693.4,1646.7
45.5,683.8,895.6,2009.7
39.0,508.6,960.0,1227.5
58.2,761.7,995.8,2702.9
37.8,549.9,1090.7,986.9
42.9,619.9,1239.2,1216.9
56.2,420.2,1145.8,2084.1
55.3,570.4,1238.8,2097.3
35.6,732.9,992.1,1406.1
54.1,722.3,1812.0,1372.6
43.7,489.7,585.7,2038.9
44.5,490.4,1219.3,1156.9
34.0,726.9,1136.6,959.6
32.4,772.2,1161.7,820.7
51.8,438.1,1041.9,1957.1
44.9,580.0,748.6,2064.0
43.1,535.0,878.4,1723.5
51.9,748.3,1091.3,2257.5
53.0,433.4,1482.0,1340.0
34.8,484.5,717.0,1293.2
48.3,701.0,1277.4,1707.2
34.1,420.5,714.0,1233.9
52.5,597.0,1573.8,1398.9
49.7,576.8,1002.4,2008.2
58.7,533.8,1331.7,2132.1
32.1,557.8,732.2,1353.8
31.7,612.0,880.5,1139.1
38.5,464.5,953.1,1090.9
